layer_hash	node_id_hash	x	y
0	10765	1.7082256178056971	0.1561038664730779
0	10766	1.4527558129117222	0.1648443108567989
0	10767	1.4401901677387094	0.16175927975012058
0	10768	1.4402193733770525	0.17312992863288199
0	10769	1.6216541202440784	0.5866520019962749
0	10770	1.4776087602564865	0.29263904695072496
0	10771	1.959261157447168	0.5010144176670596
0	10772	1.9488628603254035	0.5062142437679005
0	10773	1.683728340194714	0.5465383687770836
0	10774	1.5320903127110892	0.17772024696497776
0	10775	2.013088115281885	0.3724258897777473
0	10776	2.0204519992044188	0.36226070000791205
0	10777	2.1137674812209135	0.33145007709564916
0	10778	2.1245503091253606	0.33773486420385496
0	10779	1.7144062342425757	0.7843792858767407
0	10780	1.4881040842968705	0.06280867903124449
0	10781	1.9192247677969523	-0.17890605308409357
0	10782	1.924602719903284	-0.1662622988039596
0	10783	1.6227370949488296	0.5328939307323852
0	10784	1.5478071488199796	-0.07864127981293065
0	10785	1.5535932362149008	-0.07147873611768683
0	10786	1.8479909384902173	0.6852505949569947
0	10787	1.8807969159911961	0.7202663271013641
0	10788	1.8339900703664571	0.7235176292632473
0	10789	1.8288165247354606	0.7111257369899056
0	10790	1.8413284953290345	0.7118524105611204
0	10791	1.8735661892527509	0.709636723156439
0	10792	1.841326388489122	0.6966161785096693
0	10793	1.8336326925661641	-0.15389496492345128
0	10794	1.7257031806339398	0.09041660582834694
0	10795	1.9384490572943829	0.41854254818784226
0	10796	2.2194996735612826	0.1331903454452435
0	10797	1.4533511981087794	0.07218759929074026
0	10798	1.9250020593667743	0.2631321121827195
0	10799	1.8910394155405479	0.24006023658998185
0	10800	1.891694879753638	0.2548902654523201
0	10801	1.8875156329606126	0.26595388045838153
0	10802	1.9162005266372	0.19357610498739403
0	10803	2.08104522738288	-0.1657060536588758
0	10804	1.8496453815129121	0.5978172405132843
0	10805	2.0118062588859504	0.66996610710967
0	10806	1.559797526637724	-0.08328692257994905
0	10807	1.8579374452490607	0.45647360941178494
0	10808	1.8691487851126025	0.4487740428807993
0	10809	1.8545076464618377	0.444384470993969
0	10810	1.8326113894618634	-0.1745313706268774
0	10811	1.5892449231718797	0.21626426857158082
0	10812	1.5719796312034617	0.20555938508975027
0	10813	1.5811679888123746	0.20289617818499475
0	10814	1.4667821595663348	0.21416616841392933
0	10815	1.649221022304295	0.08745746973780333
0	10816	1.5019416149478466	0.5883413673887575
0	10817	2.007973706201694	0.17490624992979678
0	10818	2.0229834803948297	0.21382256408485856
0	10819	1.4326904445025068	0.570500764611075
0	10820	1.666022824000295	0.5679668361203536
0	10821	1.855685406055473	0.78792750042227
0	10822	1.7266394256289141	0.0279508039559763
0	10823	1.7137090259105745	0.041348916531596044
0	10824	2.107827040986233	0.43776150511904727
0	10825	2.2961567390323614	0.22327539615926212
0	10826	2.2986984634135217	0.23262726204714626
0	10827	2.2986952737268016	0.2005481071720354
0	10828	2.3057409115302887	0.21355323407254573
0	10829	2.3062776388042705	0.22374479543799805
0	10830	2.2783497136410342	0.2125503392962169
0	10831	2.251707304008828	0.21357877106072548
0	10832	2.256445164219578	0.2050227267285923
0	10833	2.242610381618868	0.21109496130632524
0	10834	2.1405909679385475	0.5051608158741234
0	10835	1.6318838464565213	0.018735427753206434
0	10836	1.8682264077460946	0.01297982162911662
0	10837	2.3219391104328158	0.2442442823001101
0	10838	2.010000646896284	0.21950381754261827
0	10839	1.9617165737459752	0.2526890771091567
0	10840	1.8588496492240731	0.7140472022317992
0	10841	1.8643355865848827	0.755204153618101
0	10842	1.9171573793489312	-0.00210960506658062
0	10843	1.900020336102134	0.0021947566853166146
0	10844	1.9074853338246638	-0.003963222074724473
0	10845	1.9107322656606955	0.009944264933229554
0	10846	2.230269093608213	-0.11298255672909838
0	10847	2.0551704689803865	0.22979104188032126
0	10848	1.891093107577384	0.16743784654532423
0	10849	2.0235283893620872	0.30145975594753577
0	10850	1.6443480857039074	0.7401468397238236
0	10851	2.2580543044481702	0.09065024019153732
0	10852	2.1345517073830402	0.04028769157358348
0	10853	2.345311575876453	-0.13763997114579352
0	10854	1.921673387071468	0.6077411942699459
0	10855	1.9799430967898477	0.22900354488281505
0	10856	1.9060760088938578	-0.014763830341674087
0	10857	2.0567439369642178	0.2417314699720431
0	10858	1.998382348686394	0.4534552864252621
0	10859	1.893665943068915	-0.009634183163737962
0	10860	1.7071472715915483	0.6701007386054416
0	10861	1.9586470328072858	0.22790000771650717
0	10862	2.3557586707553733	-0.13053257500153112
0	10863	2.1305095166040453	0.3679061399234042
0	10864	2.2445342395013603	0.17103403599536646
0	10865	1.6407351585410537	0.7278907187608038
0	10866	1.8636257797918503	-0.04060621190494592
0	10867	1.6793327633150044	0.40658191939631516
0	10868	2.0217915274160028	0.24040013733173482
0	10869	2.260229971985762	0.11257606373019884
0	10870	2.145704940316903	0.6909379439262779
0	10871	2.099663516131996	-0.06019038569852074
0	10872	1.410931610837645	0.5056925855288842
0	10873	1.970120872204749	0.7466357072396895
0	10874	1.8891133502789477	0.025147139278560996
0	10875	1.877543356777499	0.0050129172197219355
0	10876	1.683540041746307	0.340891624817322
0	10877	1.7101627935829207	0.3724959440717019
0	10878	1.6882444544239277	0.3706322380926417
0	10879	1.679998440811202	0.34958059104590233
0	10880	1.7097552468892598	0.35368440124529654
0	10881	1.6995320067118618	0.37300680270773323
0	10882	1.7075296086903864	0.363064195109973
0	10883	2.2955748873544795	-0.1045940361320364
0	10884	2.1227010500232133	0.5468956280463092
0	10885	2.034435915644702	0.3440190217853136
0	10886	2.032267468903102	0.32688926297774096
0	10887	1.8635375715163425	0.402639710868327
0	10888	1.632286453775665	0.7308345440274819
0	10889	2.0668762994261995	0.3973709918686601
0	10890	1.6655113474926884	0.5777505535574239
0	10891	2.0796422653560844	0.5160926413783836
0	10892	2.240966542876677	-0.04699817725241947
0	10893	1.6021583232065988	0.4888439895485155
0	10894	1.53978631651292	0.5617241091468979
0	10895	1.8544838473418268	0.1823660241628606
0	10896	1.56733362370961	0.455525449154962
0	10897	1.5600102416657986	0.5049243964727932
0	10898	1.8689817082097393	-0.17947755974825133
0	10899	2.193465175701149	-0.08238224577848759
0	10900	1.6906312304146986	0.5200843722145114
0	10901	2.224899990791872	-0.050873157287582654
0	10902	1.5406024234147198	0.21883585984554277
0	10903	2.2012341863943807	-0.1446860839879428
0	10904	1.5307645248332387	0.596236396542516
0	10905	2.070355797753015	0.5209681827793516
0	10906	1.4943447155942857	0.600909415686678
0	10907	2.015826381485749	0.5205491833063548
0	10908	1.9081196354458767	0.2878874921275756
0	10909	1.9208877326667673	0.6972141410487365
0	10910	1.9128109734824428	0.7068550102636106
0	10911	2.0164095604065264	-0.019655186974588023
0	10912	2.1465600430431677	-0.019547728131702684
0	10913	1.9558040802601728	0.44621703298886256
0	10914	1.7048807225513372	0.3943377977490306
0	10915	2.171217147853583	0.46832590212544634
0	10916	1.5457310874896306	0.17349040084556736
0	10917	2.271189053836948	-0.14862181419381262
0	10918	2.3344415437865886	-0.10156078374432327
0	10919	2.2672837825208982	-0.1641830198299125
0	10920	2.2635553019583803	-0.14067355267813555
0	10921	2.2832183500468712	-0.15144683859960945
0	10922	1.6776960852677127	0.02085315185505904
0	10923	2.218360901394174	-0.06439818515691631
0	10924	1.7273253478324757	0.039660926469431645
0	10925	2.373649806489639	-0.05807789067169033
0	10926	1.8797159812886812	0.04884040761892277
0	10927	1.8778588630039885	0.08817623507992642
0	10928	1.872498355812792	0.10495314675281885
0	10929	1.8660256880701673	0.0922232216485633
0	10930	1.8752343527862492	0.07517636088946664
0	10931	1.8718176511049434	-0.008919459757861535
0	10932	1.9341221044478232	0.5451562700640199
0	10933	1.7347769300233218	0.5123839966154335
0	10934	2.030801431786769	0.4236715719688742
0	10935	1.5560013490094788	0.6594094421049814
0	10936	1.5502164338628395	0.6098658923992784
0	10937	2.0210928313997143	0.06213906249443252
0	10938	1.5603306828249979	0.4883235759698193
0	10939	1.8465814652959829	0.48726147214688026
0	10940	1.6578443377573922	0.117016301593063
0	10941	1.9700224416963654	0.22094798231082388
0	10942	1.7567057564719204	0.1067771052181245
0	10943	1.7913886776149923	0.14910835764639924
0	10944	1.8827018989537452	0.5475060756199016
0	10945	2.142494348118616	-0.007360895306684842
0	10946	1.9903416910196206	0.7937495619493727
0	10947	1.775095624526398	0.01204152446838308
0	10948	1.808454670853947	0.051335707364355276
0	10949	1.979218314130619	0.7853701109838134
0	10950	2.007400507114712	-0.10548538042840408
0	10951	1.9705507277420842	0.17572378860188606
0	10952	2.125160896738097	0.2725201826769954
0	10953	1.8430580273889245	0.4653104175109412
0	10954	1.7861550727667777	0.0623274040126816
0	10955	1.791003754099342	0.01031103194332421
0	10956	1.997462035230349	0.05502695262216301
0	10957	1.7179303580968168	0.05339419131080482
0	10958	1.8612544669243227	0.2514584033886204
0	10959	1.8671401941100507	0.721851585329686
0	10960	1.8791792220179413	0.6344382137661883
0	10961	1.705864505379174	0.16601004512675926
0	10962	1.8687745485176277	0.15478537891415342
0	10963	1.717234196870378	0.7087876287176361
0	10964	2.31444017701422	0.45156420195331265
0	10965	2.314367438204097	0.4416289970690954
0	10966	1.8580989019304635	0.4876189382110823
0	10967	2.102384376537535	0.8316382918385795
0	10968	1.9480149122828228	0.4110449292474591
0	10969	1.511562429835052	0.4792304662980908
0	10970	2.2968162877208704	0.21069507359756637
0	10971	1.890156601132381	0.011458145189737173
0	10972	1.7682093735108446	-0.19442557824016105
0	10973	1.6643414240560477	0.06466883880566242
0	10974	1.8738380530593224	-0.14767128864345067
0	10975	1.8754211838866222	-0.17259084950542536
0	10976	1.9728450082068432	0.3962340494126195
0	10977	2.206240373350658	-0.08312784399494956
0	10978	1.6806315461653347	0.44661409356622334
0	10979	1.690183009152725	0.4491276249591797
0	10980	1.6920692178477221	0.462961220344894
0	10981	1.6973277366480737	0.455366466031123
0	10982	1.6754326872091794	0.4542839750068041
0	10983	1.6756631705216956	0.4746604700315498
0	10984	1.67111589818709	0.4641659111530918
0	10985	2.136608343250177	0.31941389763881656
0	10986	2.1386255097735636	0.3321309930330841
0	10987	1.4635022481253268	0.1602383256030422
0	10988	1.7136908316341057	0.5203599862341596
0	10989	1.706169665513115	0.5297402552498776
0	10990	2.0117860428202308	0.5086083932214306
0	10991	1.7111398833171858	0.41579051399755523
0	10992	2.1057352179505555	0.06455352872667401
0	10993	1.6839934735093671	0.13850511611071498
0	10994	2.1441089341646813	0.2598431907850009
0	10995	1.705551443857522	0.0536217280713305
0	10996	1.5372852269726502	0.5882728772268188
0	10997	1.550655001608995	0.5670953296842137
0	10998	1.571408232503335	0.2835777889146223
0	10999	1.763900829923324	0.442715704791464
0	11000	1.75115017338412	0.44655430314122546
0	11001	1.773093110561126	0.4322211340601469
0	11002	1.7338407635707922	0.4366999438166761
0	11003	1.753063095233542	0.4166598090707954
0	11004	1.7674517057260433	0.4121612073832098
0	11005	1.765712773445417	0.40119705041133924
0	11006	1.7555388625435169	0.40455336912682005
0	11007	1.7429424151726578	0.4339406387908844
0	11008	1.749890756082609	0.459729789492356
0	11009	1.7513364390600639	0.4706729685249853
0	11010	1.7366547032751642	0.4611794718097603
0	11011	1.7191128012822907	0.4681043169938815
0	11012	1.7640100736191733	0.45594640954486026
0	11013	1.719230188748723	0.4453090396909778
0	11014	1.7830354002907551	0.4183958694873327
0	11015	1.7883432508739678	0.4486166084138623
0	11016	1.77361238290214	0.44892301877917673
0	11017	1.7882603939903978	0.4291813414522801
0	11018	1.7579654135119933	0.43330133406852583
0	11019	1.7122897766101117	0.4559150640734689
0	11020	2.036543249712995	0.06206931691305854
0	11021	1.490393250114441	0.4974560071699377
0	11022	1.6898307649938435	-0.06851898831302049
0	11023	1.6672957415528613	0.5528621731051253
0	11024	1.5270877152157187	0.48174280880578796
0	11025	1.4652653374280173	0.1724411343895156
0	11026	1.8561402572837777	0.0858187788450127
0	11027	1.7792552717452361	0.1498354808634692
0	11028	1.6667803620836221	0.09275071675421404
0	11029	1.8562149687180003	0.590691200729282
0	11030	2.3084119928795572	-0.10416400771770697
0	11031	2.1996669153488573	-0.06572840887934983
0	11032	1.856719145879876	0.6434422599034736
0	11033	1.9356489818565359	0.02399660542634299
0	11034	1.5405830616161365	0.16413622619158047
0	11035	2.1876123392435267	-0.06001514642859291
0	11036	2.332514447790843	-0.11711574109472224
0	11037	2.304770183815401	-0.17144235933264604
0	11038	2.3185487137619716	-0.16879510764336655
0	11039	2.254614535759903	0.5033730222473717
0	11040	1.9768280620109775	0.7980861804983327
0	11041	1.8237751370591953	0.33903244728429643
0	11042	2.0179705481116397	0.7582711766086144
0	11043	1.7341443201078366	0.7150272284619219
0	11044	2.169246330143388	-0.0955006755997944
0	11045	2.1745760756707857	-0.08103061104303148
0	11046	2.1592288486086852	-0.08083590621956442
0	11047	2.1424606856435724	0.07703645126274147
0	11048	2.1515476988070446	0.08880170499091189
0	11049	2.0780855257274258	0.09131608385638901
0	11050	2.0650726379923903	0.11303532050525789
0	11051	1.523867843214915	0.6111974963560395
0	11052	2.271157281476972	0.13461244840881875
0	11053	1.9743053864912237	0.24912048429233363
0	11054	1.9475796885388583	0.2297616270673802
0	11055	1.9458140979311012	0.240060281950837
0	11056	1.9028732697899955	0.2694812164585736
0	11057	1.7675906511807642	0.7099638591917822
0	11058	1.7269641978253785	0.5639442850857004
0	11059	1.7259533515893541	0.5540916092239286
0	11060	1.5901456665974167	-0.08151075017399026
0	11061	1.579742976386079	-0.0823717852651794
0	11062	1.5844794695672295	-0.09106474691727554
0	11063	1.5724722081106355	-0.09069843238521415
0	11064	1.5409524716173695	0.6689907153775375
0	11065	2.0647741612938257	0.3310651278385766
0	11066	1.9194063583352128	0.1649804922764434
0	11067	2.125657557756214	0.31203918489695476
0	11068	2.083726784696202	0.33488907274993646
0	11069	2.073979761510112	0.29469402071585415
0	11070	2.3565231449631003	-0.11837709138812798
0	11071	2.0906628061714856	0.49428433957745005
0	11072	2.071198692189955	0.3094764180513889
0	11073	2.017113387845256	0.09190159212235632
0	11074	2.0590198652076865	0.30229703872877506
0	11075	2.082255696110951	-0.06293275170976192
0	11076	1.9909845745558523	0.015547601407352004
0	11077	1.91204665971193	-0.24156057843960912
0	11078	1.647403658404172	0.7664585869320442
0	11079	2.082260568245757	0.1037857844680875
0	11080	2.0771048110177106	0.1286551488840969
0	11081	1.9498846202577442	0.4249397299632398
0	11082	1.7025839180142135	0.5058831895801227
0	11083	1.5464541344533485	0.47842533792999115
0	11084	1.8976850709162913	0.07175116606717079
0	11085	1.8715311802602252	0.0635577374725075
0	11086	1.884095968827735	0.063496961289747
0	11087	1.85805762009431	0.10222410256231802
0	11088	1.550587382110386	0.5214996214905772
0	11089	2.0137174547367525	0.5336531776621859
0	11090	1.833218988517635	0.6886341366030081
0	11091	1.9170527092385141	0.7381426151775667
0	11092	1.8933515246471013	0.7286144328322061
0	11093	1.9410619137667702	0.7098798625894147
0	11094	2.2978402455034788	0.4274607380152061
0	11095	1.8949987445634555	0.4068466884566273
0	11096	1.5864619954907266	0.11938329674081423
0	11097	1.6570229611142204	-0.010385839492114843
0	11098	1.9751747149527783	0.38460865133298516
0	11099	1.8973507414712267	0.3907740605176211
0	11100	1.878306357129718	0.41146357561842045
0	11101	1.909671107037923	0.4061441519010549
0	11102	1.8909999809251086	0.32976515553052177
0	11103	1.9880988905119048	0.5375319044324106
0	11104	1.853629868883878	0.3032650119218274
0	11105	1.8700346685254958	0.28349669257198845
0	11106	1.8694946898476594	0.32256872904658085
0	11107	1.8928437107519247	0.30936967041773433
0	11108	1.899452200773859	0.2979079330907968
0	11109	1.9285297048189323	0.3058462073903844
0	11110	1.908204624533313	0.31458791242170026
0	11111	1.8820099420920058	0.3056532181578509
0	11112	2.0115914382247007	0.6414415341021779
0	11113	2.2751253046540385	0.45801439761788926
0	11114	1.6324224482565248	0.527615794154785
0	11115	1.878912830310779	0.15726725841969572
0	11116	2.0027586831753967	-0.09406205773883287
0	11117	2.0856431644714895	0.5784440770614476
0	11118	1.8415461577895313	0.7524258636045009
0	11119	1.7057453919458085	0.4309783679814397
0	11120	1.7212135926478163	0.43086294124984187
0	11121	1.7157206034526835	0.42409766273420546
0	11122	1.5549089146206383	0.4975139756525207
0	11123	1.7105041736296505	0.5623193140716539
0	11124	1.607667977564195	0.7807091796311432
0	11125	2.102785445961554	-0.14292223637044982
0	11126	2.0888714739532914	-0.1521297716638698
0	11127	1.922961875244372	0.7611740859989561
0	11128	1.900560148917965	0.49009089012678586
0	11129	1.8669266702559597	0.5293343622530279
0	11130	1.9006412453442487	0.5586215056802556
0	11131	1.962147551935395	0.43667271444023925
0	11132	1.8696155681864342	0.46755963661578437
0	11133	1.7796857690953916	-0.20439872839314022
0	11134	1.5929494545274514	0.48222075589203706
0	11135	2.092184879991899	0.5306070516811605
0	11136	2.1015505593545574	0.49924907711104227
0	11137	2.11915466650788	0.49089982257584475
0	11138	2.2788028887421037	-0.137650500538339
0	11139	1.7993265962228744	0.4812588652408854
0	11140	1.9038039726514953	0.1971059867406312
0	11141	2.1955028529663894	-0.16987051569633368
0	11142	2.087692957257524	0.12072119807129665
0	11143	1.8501549580176009	-0.19424363735472025
0	11144	1.8990220451108848	-0.1971933670282684
0	11145	2.320589409425451	-0.14045515423255212
0	11146	2.317062175581611	-0.1283166296060372
0	11147	2.2982209852142588	-0.14412212571305819
0	11148	2.310008932912769	-0.15704791984252447
0	11149	2.3098063190032883	-0.14487722764242777
0	11150	1.4694835598186455	0.4716968589822233
0	11151	1.4676765803845189	0.48695742533816644
0	11152	1.4505281349719337	0.497688411657091
0	11153	1.9377993239753648	0.6618174678124089
0	11154	2.131800894263836	0.004210698570895435
0	11155	2.1207586928598596	-0.0026634886565872437
0	11156	2.132730045886411	0.025314910282014522
0	11157	2.1466394116128757	0.010340493277459506
0	11158	1.973940365177432	0.3518973114033549
0	11159	2.0901054766619085	0.2764446033260407
0	11160	2.2215932986926936	-0.09672525193200224
0	11161	1.630918593052927	0.48325648323553416
0	11162	1.6321044949985721	0.4719706946513327
0	11163	1.6243717578637618	0.4648217201323644
0	11164	1.909870506594111	0.6628571236296589
0	11165	1.947340308982089	0.6389859447553395
0	11166	1.4661954228648746	0.6089220200533673
0	11167	1.4785032338281272	0.6137573812395745
0	11168	1.4672137326483035	0.6234195592597249
0	11169	1.4803666356209702	0.6269267170723123
0	11170	1.524252101957881	0.010302017331358295
0	11171	1.5179390349016915	0.018841147012344992
0	11172	1.521048181955313	0.04301236380288765
0	11173	1.5595961223558756	0.07746722505561324
0	11174	1.5478906572539637	-0.006264782250301788
0	11175	1.590394109586853	-0.011591881384384032
0	11176	1.551752123468209	0.024709957988242857
0	11177	1.5910630464144244	-0.022729842150650104
0	11178	1.5377726902497648	-0.01311340445391135
0	11179	1.8705904181346082	0.7314890804836072
0	11180	1.9926191838826637	-0.10430936278823029
0	11181	2.0068150094722044	-0.11961075226862149
0	11182	1.5672047241937284	0.48146397680918057
0	11183	2.193938730666051	-0.1552507296932746
0	11184	1.9909764564845038	0.43230927017277826
0	11185	2.263329468977586	-0.1833834433009821
0	11186	2.2605283441232222	-0.17413269310632873
0	11187	2.133157870824309	-0.018186461696565525
0	11188	1.9926036114713799	0.6444919662540413
0	11189	1.94725112405314	0.7416054806643317
0	11190	1.9825697358322503	0.6846618783764049
0	11191	1.952365941274876	0.7258256564020781
0	11192	1.504408711361366	0.4674665214283868
0	11193	1.5321364649961424	0.6364447353417093
0	11194	1.8613048042913516	-0.027314400618148632
0	11195	2.3216859462041097	-0.024060976786643436
0	11196	1.8437752741585578	0.3124102485488753
0	11197	1.5874280353359362	0.5380868430223249
0	11198	2.2080158911555157	-0.09557962911468988
0	11199	1.5101929577632789	0.5712299961585477
0	11200	2.0250233205720733	-0.09185246449504605
0	11201	2.109884184085895	0.3572346641909832
0	11202	2.0742749896796786	-0.005121759241058926
0	11203	2.059685130155185	-0.01837109301439059
0	11204	2.0698453631188998	-0.014861849191946976
0	11205	2.057509037457784	-0.004505126073285475
0	11206	2.220167414895006	-0.04063486100566969
0	11207	2.2107998245621396	-0.029045340582308204
0	11208	2.0531320739535777	0.3748071095638866
0	11209	1.7503292711998129	0.7467711819530879
0	11210	2.2424758445529656	-0.08312734701389088
0	11211	2.1921554376997405	-0.09737698772070164
0	11212	1.9228580191161937	-0.1369511976760706
0	11213	1.8384075675174645	-0.10045975381724559
0	11214	1.9008137055849021	-0.14843836000518398
0	11215	1.9057943408331626	0.3275226462088978
0	11216	1.930344511574909	-0.10488710756710828
0	11217	1.9096822035024397	-0.10583873046252777
0	11218	1.894291469413244	-0.12788958937546285
0	11219	1.9882365782220697	0.7641317054964961
0	11220	1.975679803179242	0.7676725073798389
0	11221	2.12864920622594	0.8223167513515481
0	11222	1.981275499849373	0.755501569534418
0	11223	2.005805493772941	0.7351175334220321
0	11224	1.7159440118258789	0.5500593892711949
0	11225	1.752848481308437	0.7343057351801808
0	11226	1.6195328713451351	-0.05366873600310209
0	11227	2.1524285690529483	0.2857505777032855
0	11228	1.8289097980985454	0.5907943831553283
0	11229	1.8182680676781657	0.6026929235443146
0	11230	2.2244626939082948	0.4329413226003046
0	11231	2.159390900425271	-0.09182466149019873
0	11232	2.186228061507022	-0.07166965771589581
0	11233	1.4767539017456672	0.2733022588961645
0	11234	1.4678897514075342	0.27927413951533936
0	11235	1.505202011265278	0.21070364594692734
0	11236	1.4747203390662489	0.30378505357146646
0	11237	1.4635797301278424	0.30202347504073085
0	11238	1.4681155077917873	0.3137469185417144
0	11239	1.486111766240296	0.3020278744424097
0	11240	1.4780915740603326	0.28246819668093875
0	11241	1.454046413631256	0.30245363174359885
0	11242	1.4596985598301417	0.311328819622442
0	11243	1.4871539624797874	0.2893115278819179
0	11244	1.4636037920025866	0.290059600965674
0	11245	1.4498940665736486	0.31263341261961
0	11246	1.488472929233612	0.2758179813229051
0	11247	1.4955549759378564	0.28395050084080886
0	11248	1.4576067758720168	0.20184481857183986
0	11249	1.4221489372220588	0.20407527009410203
0	11250	1.4796481731714304	0.15786410863732725
0	11251	1.38225599769584	0.22135140775173165
0	11252	1.3495910723537436	0.3511226621221582
0	11253	1.3643131169642453	0.321454351589715
0	11254	1.3585106559758904	0.33551867051192286
0	11255	1.3475578035359828	0.33004418471678204
0	11256	1.3686162235542976	0.34416138708193883
0	11257	1.3590743659777658	0.34742591435215875
0	11258	1.3845836637144524	0.33309906089054486
0	11259	1.3442602036513178	0.33878389148300037
0	11260	1.3586982417442186	0.35730044568008495
0	11261	1.4195671897366158	0.3236688233372556
0	11262	1.4963760720627046	0.16927343492916164
0	11263	1.4797911186081445	0.3725395336614621
0	11264	1.502445075613974	0.3299465466683016
0	11265	1.4017770395914007	0.2924537821069273
0	11266	1.3634647812989233	0.2767732800174908
0	11267	1.4114935453415167	0.30179896468543854
0	11268	1.4239907213510747	0.27658744153135895
0	11269	1.3536181167452315	0.32355658176406377
0	11270	1.4008396347686394	0.3023897622582817
0	11271	1.4532108924402352	0.26549288314864
0	11272	1.6860637906735638	0.21260685408795874
0	11273	1.659079740574142	0.20495710891535693
0	11274	1.669075700456198	0.20523756913136426
0	11275	1.6758901749949298	0.21284800375667898
0	11276	1.675583490071414	0.24675636492530803
0	11277	1.3746350633505797	0.3024888557710321
0	11278	1.4117105871131157	0.34590974103409755
0	11279	1.4387481345045792	0.32794155407462405
0	11280	1.4963354798881188	0.2950533746295218
0	11281	1.4140424740609887	0.2771565311490281
0	11282	1.4246432559190703	0.30942115936734865
0	11283	1.430692666871336	0.29308287977758074
0	11284	1.4065312762248243	0.28265534021835564
0	11285	1.5268675347547245	0.36576341610190527
0	11286	1.4829497963766907	0.2254839156748358
0	11287	1.4963557215737975	0.213954643565188
0	11288	1.4356346865414127	0.3466868493289695
0	11289	1.3974526957836184	0.23444222001051254
0	11290	1.3900482872986715	0.2061341038771934
0	11291	1.426804840781453	0.23177189227777753
0	11292	1.4156367802664298	0.20990949437773676
0	11293	1.4336909638401714	0.21454883531912353
0	11294	1.3998594160184064	0.19592967784408558
0	11295	1.3985883443732867	0.20513628051257965
0	11296	1.3886377713997329	0.23436732161532808
0	11297	1.4036516906573329	0.24099674184591194
0	11298	1.4090800996357118	0.23499271242365205
0	11299	1.409662797712594	0.22550291038776768
0	11300	1.3823085306740492	0.20850398032397793
0	11301	1.3899047018592552	0.2260422479279616
0	11302	1.4177323597725455	0.22899628856029294
0	11303	1.4144411695135395	0.1987180424029298
0	11304	1.418425376440884	0.23786301465093734
0	11305	1.338445825194613	0.2859313157873222
0	11306	1.666401350704628	0.2404259814285268
0	11307	1.6865231570512693	0.2288959627797588
0	11308	1.316825290929582	0.27794755086321554
0	11309	1.3666927254676184	0.35275728199871775
0	11310	1.3281889824281445	0.29769084032727255
0	11311	1.3240973932634816	0.26028647328704324
0	11312	1.3328735937736929	0.2551303337921847
0	11313	1.4148861811281022	0.31151211617490693
0	11314	1.4051941703648099	0.3109030571784893
0	11315	1.563055659975885	0.11151562188274422
0	11316	1.549142077235058	0.09809484907313497
0	11317	1.5543861972042217	0.11835831182839396
0	11318	1.5400320515381596	0.09503488175771632
0	11319	1.535335393013556	0.10402136168966347
0	11320	1.5584415370124343	0.09462426701728933
0	11321	1.5069924401969734	0.10212174948215125
0	11322	1.4924477123591953	0.10493698524685577
0	11323	1.49661574005387	0.123180473229752
0	11324	1.391234635213802	0.19737621820621973
0	11325	1.317058318572536	0.26839880386969756
0	11326	1.348903730638346	0.2647802589820307
0	11327	1.3492055307647797	0.27570292721982137
0	11328	1.3585045886390306	0.28674585837565814
0	11329	1.3625178847842092	0.3051495995660596
0	11330	1.3274029929602857	0.27997962458088865
0	11331	1.4874491779483574	0.32923354270838967
0	11332	1.4063513973053177	0.19161388581816563
0	11333	1.3178408506605273	0.2875689573236658
0	11334	1.4240198240935158	0.1951470056091516
0	11335	1.3883573456202836	0.21510799761210503
0	11336	1.3350582069688073	0.26552338983092166
0	11337	1.4159785880843494	0.1901574795910323
0	11338	1.7103608030546233	0.24430774316932521
0	11339	1.7073645474850134	0.25393479097316884
0	11340	1.4317151545926752	0.28317436073886176
0	11341	1.4211737257721104	0.2858881330703472
0	11342	1.4869433025547658	0.3862392249588834
0	11343	1.4418417545312718	0.2933825544718479
0	11344	1.4905300852491774	0.15803626450774588
0	11345	1.5379519577540561	0.23192489412789247
0	11346	1.5353732866252408	0.24411896268848823
0	11347	1.5486740728802983	0.23509879420035706
0	11348	1.6126770926204577	0.16854202790792966
0	11349	1.6183968196730092	0.15502701218543766
0	11350	1.3644451969559714	0.2959232797922782
0	11351	1.3717374054050646	0.27072735040326
0	11352	1.3720466072974293	0.3592195219224091
0	11353	1.4250561874726446	0.21349759479877936
0	11354	1.4305107369507917	0.22350835537486935
0	11355	1.3840956508428282	0.34578624782745443
0	11356	1.4191376682566308	0.3493537471637723
0	11357	1.4090498745882465	0.33731297348144335
0	11358	1.437048328090158	0.3371688055152484
0	11359	1.4192029605397507	0.33677485136114876
0	11360	1.3518155358473618	0.3419483950900415
0	11361	1.3784586608454814	0.35252903449979506
0	11362	1.3430762699483711	0.25696065064131723
0	11363	1.4271933728295048	0.35256376346751606
0	11364	1.4267763616413773	0.34216126648815864
0	11365	1.4929158270968628	0.2441832771287552
0	11366	1.6994248754229915	0.21678272874602555
0	11367	1.7014421953830388	0.20404599279830735
0	11368	1.6477679972456658	0.2236944533124714
0	11369	1.636544202697177	0.23537884737789655
0	11370	1.6436651399737339	0.21386595257794058
0	11371	1.6511440901961054	0.23278031876894467
0	11372	1.6460441253383638	0.24105431927515136
0	11373	1.3771543686144365	0.32327208167415145
0	11374	1.6786681353478712	0.22431893705996803
0	11375	1.6869178517907675	0.20066779091731726
0	11376	1.6837275792785706	0.25809212484324073
0	11377	1.6926412808234874	0.2576269671980323
0	11378	1.6752386025880324	0.2640563583348245
0	11379	1.4009913676954708	0.21341335348888354
0	11380	1.4115394613211276	0.2908205635823812
0	11381	1.3379483483029921	0.29523743664333346
0	11382	1.3262604910960092	0.27036768554778967
0	11383	1.4984423311237713	0.18412082229432902
0	11384	1.354129652404424	0.29807128312143727
0	11385	1.3795634730574489	0.27876810871381796
0	11386	1.3808298757703483	0.29306966080947827
0	11387	1.3765750965272903	0.3391415418677634
0	11388	1.5078758135680315	0.36475569006340974
0	11389	1.5950843249385853	0.16404735068559476
0	11390	1.5431842727318554	0.12938918939228222
0	11391	1.5039381984721834	0.22254734854629146
0	11392	1.5096517808165808	0.35744780444038726
0	11393	1.5172321150917927	0.3566701472988686
0	11394	1.4815783218860208	0.34413422904884344
0	11395	1.4793676788075223	0.3347914946992787
0	11396	1.5332590160101622	0.3594907832291888
0	11397	1.4863198440179042	0.33730775999956947
0	11398	1.5122235710293	0.3227513948984932
0	11399	1.535338770923436	0.36618662933005797
0	11400	1.4950684445887832	0.3253478795625078
0	11401	1.5005117429178345	0.38294166626790904
0	11402	1.4867554176552258	0.3498710032752038
0	11403	1.5266317368536628	0.33060049649247253
0	11404	1.5212560159317647	0.36980395122232634
0	11405	1.5315792643169046	0.33761432374427375
0	11406	1.5119675114077935	0.33964509278363497
0	11407	1.4778203167723702	0.35077227798090843
0	11408	1.4600457505082993	0.3269268320729399
0	11409	1.4813761165745039	0.3572251141619545
0	11410	1.5048971543707816	0.3891000462135463
0	11411	1.5002192568667512	0.36437788169730234
0	11412	1.5174095810810015	0.38501579723907414
0	11413	1.5356048754090565	0.3444048425102977
0	11414	1.4811201562842602	0.36508608279994204
0	11415	1.5236174452426188	0.3382640070911146
0	11416	1.5252356182310352	0.3587009838713165
0	11417	1.4960877356442903	0.35865444147546305
0	11418	1.4954351564824657	0.3500399060130422
0	11419	1.4853990351523378	0.20328933086333123
0	11420	1.5257417366648485	0.3798475698209451
0	11421	1.4738563531542002	0.3429891400198617
0	11422	1.495010964805408	0.38810939586034104
0	11423	1.517252810769165	0.36376757612407007
0	11424	1.4886993724882036	0.3649906367014895
0	11425	1.4967495092997218	0.3770724950218016
0	11426	1.5123329133867	0.3702174699000152
0	11427	1.420423296363143	0.220796412213302
0	11428	1.5018456439859127	0.37168550122263005
0	11429	1.520022543078645	0.3261263412544462
0	11430	1.4749215631738712	0.3786029483589943
0	11431	1.5378034709744803	0.35273873806035955
0	11432	1.490908298283786	0.3428578459116043
0	11433	1.5047059887509397	0.3368205883163002
0	11434	1.4886671795191873	0.35762885506348824
0	11435	1.5196297218172734	0.3763654567119341
0	11436	1.5127595548956037	0.377411217729926
0	11437	1.4939475817208285	0.3697915488968776
0	11438	1.4950638689896898	0.334041310094468
0	11439	1.4704618642304885	0.35193543756018886
0	11440	1.5219249193733497	0.35091429333034957
0	11441	1.5058488140295974	0.377178617028952
0	11442	1.510897993267698	0.3300540012426637
0	11443	1.5172866123856061	0.3341925570372255
0	11444	1.4983874617832842	0.34180196864842677
0	11445	1.5185174750293702	0.343742432758314
0	11446	1.5034588226681789	0.3226841503786284
0	11447	1.490646657363498	0.3798752076436829
0	11448	1.5100696527750963	0.3841946565140663
0	11449	1.4826646501120024	0.37977565670612357
0	11450	1.4735640360907674	0.36927267060063845
0	11451	1.5127620413233966	0.3494112204264075
0	11452	1.4872925420437086	0.37276077255897866
0	11453	1.527186307737876	0.34524009293258817
0	11454	1.5058114739614812	0.3454311196649078
0	11455	1.3264256727703179	0.28919177031198123
0	11456	1.4325638234349805	0.30377982991212255
0	11457	1.4072484064200117	0.2031311612776491
0	11458	1.4105955267394206	0.3281040447273834
0	11459	1.3955748501514798	0.21941231329011857
0	11460	1.4744647539851146	0.3599476172952436
0	11461	1.4005460047650777	0.22674349019815196
0	11462	1.4308735470287564	0.20410491181174903
0	11463	1.5209154823750775	0.16085030518976662
0	11464	1.5198157059692323	0.13575808872305908
0	11465	1.5945748780995463	0.22732188390238378
0	11466	1.5317329810493243	0.14181288380580215
0	11467	1.5651631781543272	0.10212023224080936
0	11468	1.50816507307622	0.11518678273367244
0	11469	1.5328170396664347	0.11530219827243444
0	11470	1.5486275874382902	0.10797320765428192
0	11471	1.521576799839181	0.11851577905782162
0	11472	1.4986164806200954	0.11178984208665028
0	11473	1.6785558327712546	0.236658826737238
0	11474	1.705362304048725	0.22763966851821252
0	11475	1.693515582288421	0.2409748658255454
0	11476	1.4971676295745988	0.20220080974272034
0	11477	1.4948565201704154	0.2274146296741383
0	11478	1.5920151527825308	0.17918215023254963
0	11479	1.6082941217028526	0.24054497126975175
0	11480	1.6029145897442598	0.2183985723313761
0	11481	1.564287662893779	0.2548108225419592
0	11482	1.5749304289796637	0.2741060106512775
0	11483	1.5852005346728821	0.261537317757541
0	11484	1.5780534433261846	0.2527871666982922
0	11485	1.5827686576638242	0.28215454967842063
0	11486	1.5869450011263435	0.2727596849133081
0	11487	1.562155392308349	0.27654135927760526
0	11488	1.5581716923271884	0.26567189748200903
0	11489	1.4455520252531593	0.2785976760765674
0	11490	1.4282645699010819	0.32535007824788115
0	11491	1.4410582468858377	0.26892313218287195
0	11492	1.5315804261033308	0.12488963750352722
0	11493	1.521919651775569	0.14775734020928138
0	11494	2.205662471898638	-0.07417322979471701
0	11495	2.161647847176273	0.28835003979093365
0	11496	1.8084447167461575	0.3874117404915707
0	11497	1.7691427991014999	-0.2146896270391362
0	11498	2.161354250016634	0.31031176481497674
0	11499	2.0197537997564643	0.13291415892623717
0	11500	2.1781396784740203	0.34762072202143
0	11501	2.1685148943939176	0.35298449207057897
0	11502	2.148932899509729	0.33603618746613695
0	11503	1.504928859387864	0.45390105778935613
0	11504	2.1435517277130756	0.033009380343219034
0	11505	1.5864886317153204	-0.05476371119682013
0	11506	1.5667210018353215	-0.07627074747614992
0	11507	1.942806356721245	0.6080430498688586
0	11508	1.9456969836616045	0.7729614503411106
0	11509	1.8620145850070924	-0.1874372087785714
0	11510	1.8862564157436703	-0.18980223261131274
0	11511	1.646333404537975	0.17432469771940143
0	11512	1.8494379850272107	0.29150587665967426
0	11513	2.021968631263309	0.0227906140966345
0	11514	1.649411484083532	0.754737921855244
0	11515	1.6736155088921085	0.7433980559076578
0	11516	1.6978068911140831	0.7492186741607942
0	11517	1.6715568131422958	0.7191309604824139
0	11518	1.6602558287916127	0.6856030442008713
0	11519	1.649547271636697	0.6900415999390892
0	11520	1.7076496495466722	0.7403968653849757
0	11521	1.713023518915359	0.750470476179443
0	11522	1.7110940265810703	0.7602044650521095
0	11523	1.661565031170337	0.699614158055541
0	11524	1.6800489505875025	0.7112244771074638
0	11525	1.8511349926008414	0.22341887679874772
0	11526	1.838440574557981	0.22979199484070947
0	11527	1.8523028119674587	0.21185101584722973
0	11528	1.8638925336105605	0.22056536346130776
0	11529	1.9087438059931923	0.0667432627933233
0	11530	2.148083644181404	0.2947043781047135
0	11531	1.5531443839761752	0.17095254289432552
0	11532	1.368546074452271	0.3318091205700322
0	11533	1.3716434773082204	0.28748531350800904
0	11534	1.4205724029946314	0.29701599441778115
0	11535	1.3401670358449909	0.2755672587655225
0	11536	1.4863767457775858	0.21488494299736943
0	11537	1.6101305799607255	0.2526851623477723
0	11538	1.564802594895144	0.2352158635408444
0	11539	1.659232513954275	0.21743349568628204
0	11540	1.6015473367868087	0.1914190258011384
0	11541	1.6677566854478059	0.22621013435286136
0	11542	1.6180842116828005	0.20567551917494237
0	11543	1.578882728930432	0.2147977153004535
0	11544	1.636769827939686	0.2243173638447112
0	11545	1.5459923592798699	0.20595599290328148
0	11546	1.4524651462035125	0.17376406898005217
0	11547	1.3968962947716845	0.17483986407257204
0	11548	1.5758234759631677	0.1837104777490672
0	11549	1.396035384348224	0.27320256616164684
0	11550	1.538437204594158	0.14965947162105558
0	11551	1.4551302658870569	0.21279674837584758
0	11552	1.4662596775198593	0.22963454883870382
0	11553	1.5569234582043712	0.193234581878889
0	11554	1.4719463971128979	0.1920610120889767
0	11555	1.5839960764522365	0.17197021556238815
0	11556	1.479242926626651	0.23992969362983377
0	11557	1.5438551795647633	0.04329999063669821
0	11558	1.5580495784114052	0.20472354578124458
0	11559	2.0092314587026436	0.41603442779549965
0	11560	1.5802082909294926	0.16309429995279826
0	11561	1.608764855344721	0.161956747493845
0	11562	1.5183420058158852	0.2651426964677125
0	11563	1.8365325280286777	-0.1426026894681812
0	11564	1.9861209091365806	0.3717025935264525
0	11565	1.9889655563323898	0.15546603700409206
0	11566	2.022274876420485	0.17910267606382743
0	11567	2.0706996188199653	0.5073448762574627
0	11568	2.265470321500541	0.3691762576500099
0	11569	2.279675996364115	0.3769783207142436
0	11570	2.2011294961543735	0.3345565233119376
0	11571	2.176402679986889	0.5982559764674615
0	11572	2.179431071874667	0.5729642216020397
0	11573	2.2854547012422675	-0.1226394554192813
0	11574	2.254615085913871	0.3320562803187968
0	11575	2.343024540514421	-0.12273504944804561
0	11576	2.2266549062195025	0.24205535983654747
0	11577	2.2036430925085564	0.24556918960505092
0	11578	2.335051163355159	0.28319627371814127
0	11579	2.3222759220073597	0.3088281176498735
0	11580	1.8543206970711679	0.4746876656448298
0	11581	1.5249909482508748	-0.054278492866189305
0	11582	1.5304106922252072	-0.021064631513137057
0	11583	1.4628285732983732	0.05779165937827275
0	11584	1.4795511317576344	-0.05236993573417037
0	11585	1.599798621677676	-0.046623516198960366
0	11586	1.4700968317290042	0.005494430311465117
0	11587	1.9103396653741636	-0.13831832675564285
0	11588	1.9846618077359561	0.6732466394248942
0	11589	2.241626639432162	0.3451584739764519
0	11590	2.3126456981852823	0.3349692325903992
0	11591	1.851172082903303	-0.120272817390753
0	11592	1.8548640824566818	-0.09315277077614555
0	11593	1.9565831504753315	0.7040997633981512
0	11594	1.9556377079272684	0.6907342784649981
0	11595	1.9665209684826894	0.015616751427568111
0	11596	2.170367649760507	0.0413046073937614
0	11597	2.0325639547920393	0.4449279935828406
0	11598	2.1945617098755497	0.292793032553104
0	11599	2.1852993160246976	0.2968323062361831
0	11600	1.69500815264516	0.7273524537586655
0	11601	1.9256521651653928	0.6511137960566156
0	11602	1.6958818925283654	0.6909725491628094
0	11603	1.6975531354162425	0.6794616925655597
0	11604	1.6811851307902148	0.6820432119337316
0	11605	1.6876793624561217	0.6747569008363586
0	11606	2.0151910041022774	0.10292953567566977
0	11607	2.071671341146938	0.10216457508905037
0	11608	2.275133662179167	-0.1771160375563896
0	11609	2.2279306891173607	0.3666979116837762
0	11610	2.2546718152965455	0.347060679790025
0	11611	2.108385628827361	0.8431923177125004
0	11612	2.262566365995724	0.13241875638970652
0	11613	2.2522164440379835	0.12680368292093716
0	11614	2.235999335234532	0.40412218299240893
0	11615	1.6944729361176096	0.13378956976368014
0	11616	1.7901320008467674	0.020981006388832334
0	11617	2.0413904747765295	0.419297812296933
0	11618	2.072445698487395	0.5435262299026775
0	11619	1.5269539133667016	0.6514925144812046
0	11620	2.16451937696713	0.05094838560584081
0	11621	1.938416826184217	0.20192077989708512
0	11622	1.5624778165987427	0.5365684182172433
0	11623	1.988244467803045	0.30758108878063767
0	11624	1.5153985827149787	0.6485344995641011
0	11625	2.1075844407728552	0.11956411078211825
0	11626	2.2513470392476527	-0.16905895130534818
0	11627	2.2001209027069413	0.4239178532438197
0	11628	1.5096860261014944	0.1404744612843191
0	11629	1.5102859132731605	0.15214005092639818
0	11630	1.743356587566831	0.13910872997081522
0	11631	2.030628487511572	0.16665368871345396
0	11632	2.0369776303998433	0.17579166205571486
0	11633	1.6847080811837236	0.6928409483311737
0	11634	2.156866910563363	0.8174831998626245
0	11635	2.1925043537852686	0.8074206345243299
0	11636	2.1369307663787294	0.8140152499295038
0	11637	2.176925025977535	0.813154396314452
0	11638	1.6499303030542352	0.7930204631564609
0	11639	1.9446562101502403	0.48775661437990386
0	11640	1.9377965695827677	0.4809977631664125
0	11641	2.177866255943301	0.42160421181735735
0	11642	2.178438573134681	0.43478083899707015
0	11643	2.160016601778962	0.4161754831662699
0	11644	2.1677345541357154	0.43678898325151105
0	11645	1.6730171494352344	0.00625490852495803
0	11646	1.3816838277850787	0.17951269306297618
0	11647	1.4037034387361387	0.16476183282603218
0	11648	1.9724368442378586	0.735566517915483
0	11649	1.6874178940909967	0.3975092692252718
0	11650	2.245889156506418	0.39613637346419395
0	11651	2.2735080785799298	0.3971562086298109
0	11652	2.2727638919472	0.4081787209179659
0	11653	1.544792840287136	0.6184150175368286
0	11654	2.025581880590199	-0.06834710452977348
0	11655	2.0590210921020335	-0.05876548607381369
0	11656	2.0439834080450554	-0.04948023266980779
0	11657	1.769370393964885	0.08443391949099839
0	11658	1.6299601891756161	0.18727093866123393
0	11659	1.6219132341671392	0.1794077326688366
0	11660	1.6061705926758216	0.2016384877234056
0	11661	1.6155479250916773	0.18764676364764887
0	11662	1.6330717422721268	0.20478649585973593
0	11663	1.6399229690755737	0.19439600787392408
0	11664	1.5934271814524064	0.1971752764425119
0	11665	1.623166378683564	0.19705338966008737
0	11666	2.226668383036904	-0.02448912375728666
0	11667	1.757866815873979	0.1353013131180542
0	11668	2.248336003180381	0.23923593450809366
0	11669	1.3928064216021745	0.5157156309443834
0	11670	1.787704291513967	-0.19241908775155223
0	11671	2.1532868918610655	0.42904754339185414
0	11672	1.9203497478725653	0.8013741871556725
0	11673	2.2593665806169767	0.4032055538212555
0	11674	2.1605760911887555	0.030004393201662788
0	11675	1.9599059258871312	0.3640839421257643
0	11676	1.8391151336010227	0.6198992084829995
0	11677	2.00582096055092	0.6623258543616842
0	11678	1.5660756790258084	0.02758817052064692
0	11679	2.252649976491333	-0.07324331440038294
0	11680	2.265479910725267	-0.07568800752566457
0	11681	2.2654023286062297	-0.057233114689403904
0	11682	2.2661327676359675	-0.044011051220931796
0	11683	1.5545466502698737	0.18191572379436427
0	11684	1.5737309151856091	0.14456427575541078
0	11685	2.27341351123861	0.25074688787499994
0	11686	1.6003480243361636	0.06347061289457112
0	11687	2.2872533335475955	0.25306890665018433
0	11688	2.285941461681793	0.24272624541898227
0	11689	2.2744720744677878	0.23829319793007395
0	11690	2.228423767173438	0.25449467288230937
0	11691	2.2303681951293126	0.23460239175648115
0	11692	1.632133198580637	0.030241260296776176
0	11693	2.230881582777615	0.2187815229221257
0	11694	2.2195305885451586	0.2158832360291269
0	11695	2.3205951762118544	0.27192309540022463
0	11696	1.6281248182981136	0.0030170707719119195
0	11697	2.333883219155571	0.2686945859763832
0	11698	2.33173449121904	0.25952374706051545
0	11699	2.31101033590414	0.29586392265965283
0	11700	1.617207021376229	0.03244791626196245
0	11701	2.260467467737316	0.25010422732547005
0	11702	2.3351030018102517	-0.03655677938501379
0	11703	1.489674857421024	-0.009225960809146077
0	11704	1.4994112766519732	-0.014413259828170407
0	11705	1.5068844378775568	-0.006506286513504175
0	11706	2.3435803139797993	-0.045005915656797416
0	11707	1.5324322003170476	0.6180491240154412
0	11708	2.189073427595248	0.6926581310918172
0	11709	2.2044221197766554	0.6924991416375702
0	11710	2.1904204267743324	0.7091618881770485
0	11711	2.201934825013145	0.7100820817953729
0	11712	2.2174993912220504	0.2371122890487304
0	11713	2.210672162563986	0.2504666544394795
0	11714	2.355646397973735	0.2850719290412384
0	11715	2.337502760554058	0.3204937624269229
0	11716	1.9976550446999544	0.3638731395758361
0	11717	1.8995318276174233	-0.13508065947663947
0	11718	2.2307534728014122	0.4457191744851119
0	11719	1.6775937675648949	0.599016324182962
0	11720	1.6982258469166347	0.4963547449628749
0	11721	1.5464967372188867	0.6353109496660556
0	11722	1.7124910736386527	0.4990312910491214
0	11723	2.2555612741846702	-0.06360371495369281
0	11724	2.252219220504382	-0.042171366715285666
0	11725	1.8695000348518618	0.7905849901944655
0	11726	2.155549895264473	0.04160018724117503
0	11727	2.1746931742074564	-0.18467424550291556
0	11728	2.009882515785766	-0.13637146495322167
0	11729	1.6108701123875129	0.4967215342312593
0	11730	1.9748312261365117	0.36443075933523567
0	11731	1.623406450130304	0.0843218633156935
0	11732	1.656035563727866	0.05141089486242668
0	11733	1.8370225039954664	-0.12153823718388604
0	11734	2.1773752998882814	0.7560880492558765
0	11735	1.917898583608009	0.3216177532687819
0	11736	1.8654217504995192	-0.08462788081288677
0	11737	2.148336854736198	0.8281613993461917
0	11738	2.093712444912189	-0.07020672285031616
0	11739	2.15787664922451	0.13748262658032023
0	11740	1.8505169341513434	-0.03984291282061586
0	11741	1.6527843722098179	0.8088151689862113
0	11742	1.668391365598901	0.7880676602179691
0	11743	1.8507229867454744	0.6556909809276665
0	11744	1.678021079639835	0.7913959972272165
0	11745	1.658699557935622	0.8163049450427686
0	11746	2.087991610512696	-0.18174125395589424
0	11747	1.6799641596675008	0.8118747394567409
0	11748	1.5248407109796223	0.45047143503447257
0	11749	2.185005368676609	0.746965156901475
0	11750	1.863578798423655	0.6240775352476579
0	11751	1.6404734677856352	0.06286186685636366
0	11752	1.482833427728662	0.5701529228417722
0	11753	1.6672125566423162	0.8117325087536214
0	11754	2.14617873055704	0.27739245634633924
0	11755	2.0651622015100433	-0.17368619675950048
0	11756	1.664553306355101	0.7375384647847213
0	11757	2.180950910161505	0.007355666652470952
0	11758	2.082814390779281	-0.19340769533369762
0	11759	1.6522367481980011	0.7137000647111779
0	11760	2.060253016627929	-0.1863574855345769
0	11761	2.069720051651858	-0.19498392859669958
0	11762	1.6448532281021906	0.8034142253179112
0	11763	2.0882858939231004	-0.07946907442575006
0	11764	1.642154217229496	0.715175891240546
0	11765	1.9989386299480882	-0.13156552251222267
0	11766	1.6560714695074046	0.5620126620236492
0	11767	2.076736322240986	0.5826957961857472
0	11768	2.106224173499163	0.5309648905968505
0	11769	1.6641566568708996	0.5921113217748734
0	11770	2.206539135097309	0.13566379273249693
0	11771	1.664340017005021	0.5296128994654205
0	11772	1.6546976857036448	0.5235151838375381
0	11773	1.6515444866517044	0.5389794658597197
0	11774	1.77067239150902	0.14049003594093065
0	11775	1.7869381021608701	0.13731553050731243
0	11776	2.084445326265625	0.4530311153144275
0	11777	2.0651876814043217	0.4150565241862847
0	11778	2.057752929204505	0.43412381925324794
0	11779	2.0817583541354554	0.4291799833669113
0	11780	2.072426999477707	0.43982678262724934
0	11781	2.053458992190982	0.46398990344808383
0	11782	2.0621822314950236	0.4721122023013588
0	11783	2.0739461228145806	0.470740326214002
0	11784	2.057684211048501	0.4528030139851745
0	11785	1.8978103648814966	0.17666307301230752
0	11786	2.0429486828642403	0.381406006336733
0	11787	2.0683959045592126	0.45858070833922987
0	11788	2.042836396126141	0.35382997419860807
0	11789	1.9858085443969606	0.7056155189009977
0	11790	1.9748792282670942	0.6964584312006152
0	11791	1.8862425707143444	0.701773425459052
0	11792	1.9653646479027647	0.7225964751091439
0	11793	1.9783757894283884	0.7207249277124206
0	11794	1.9659564395555575	0.6719054934375264
0	11795	1.873002587561271	0.7443248947340222
0	11796	1.8544152420200923	0.7483203903254502
0	11797	1.8791443384347037	0.7538517922065218
0	11798	1.995290108696106	0.6614619195272737
0	11799	2.1925089638570547	0.3036456108830207
0	11800	2.0137589964979234	0.27871399991755724
0	11801	2.0065061784112244	0.25483758959841896
0	11802	2.0272375418742943	0.14312464992358911
0	11803	2.0123411582063846	0.14567412408638372
0	11804	2.0609512314678424	0.06013516382174096
0	11805	2.1516452091192044	0.3826555133624389
0	11806	2.183849638265752	0.3571398160151837
0	11807	2.031475837885522	0.388496357445516
0	11808	2.083838313228841	0.43993314570919
0	11809	2.108662107042205	0.4882623205803507
0	11810	2.083424933613475	0.4186368097167185
0	11811	2.019305389838661	0.39389454336759666
0	11812	2.2041639576626846	0.2955113497381525
0	11813	2.242697850160091	0.3698907447991898
0	11814	2.1076923585366525	0.4079688255220449
0	11815	2.2531495567130393	0.37178068230842454
0	11816	1.797394624322812	0.3097610337895827
0	11817	2.07831656553989	-0.07486495649521799
0	11818	1.6106310224996778	-0.028305035497813918
0	11819	1.6478854169961938	0.5566292194074599
0	11820	1.984370296045001	0.0010775710215371393
0	11821	1.9527693304501175	-0.010056018001755502
0	11822	1.965478504096443	-0.01264691600639297
0	11823	2.1313597640683626	0.16356685818899278
0	11824	2.1459457436990865	0.14279350769430357
0	11825	2.1300982444218124	0.14675175142057414
0	11826	2.1145281430039375	0.13256766377667117
0	11827	1.8322679760291003	-0.1110755960178284
0	11828	1.877143220609702	-0.0957522033585141
0	11829	2.0440174574695065	0.440372005964001
0	11830	1.6618098997736566	0.7950967797316919
0	11831	2.153061848520344	0.7794055417810274
0	11832	2.3989681004889265	0.018268951408840578
0	11833	2.1299722694564487	0.7751782356330443
0	11834	2.267304996916741	-0.11310227490181224
0	11835	2.160625133018229	0.6674643358139587
0	11836	1.6696390716428642	0.8030941809350864
0	11837	1.8477063687026196	-0.1111675490614604
0	11838	1.6420047953983805	0.5442844916957447
0	11839	1.6550427242279147	0.5822029898988115
0	11840	2.1099905146725035	0.5071687968749126
0	11841	1.6953188325597552	0.39267263959410686
0	11842	1.6455225867052754	0.6099289827808205
0	11843	1.6484705658706063	0.5946688696667083
0	11844	1.4958717413763214	0.5747321280945649
0	11845	2.004961102525249	0.15612661702225697
0	11846	1.5354836293221783	0.4918585183675515
0	11847	2.011763345775091	0.23155543300420756
0	11848	1.4905612052541886	0.5866928639021316
0	11849	1.4752787262052638	0.5880406390823911
0	11850	1.695191458681182	0.36133524267124556
0	11851	1.6372449561813993	0.38441252276353693
0	11852	1.548073258977665	0.45362848692371993
0	11853	1.639187525601194	0.595083272024291
0	11854	1.6367895583883638	0.584419763515615
0	11855	1.3765495937867962	0.11383079878368689
0	11856	1.3765291947181688	0.12464514437661027
0	11857	1.3665767733239178	0.11737516906277057
0	11858	1.358451432117492	0.12489773626454143
0	11859	1.3718885090887076	0.14529819289647838
0	11860	1.361409693473749	0.1377151165730706
0	11861	1.3669705853680099	0.12928914330584387
0	11862	1.3775698090922692	0.1360426375359038
0	11863	1.6316063462833268	0.6001249770358675
0	11864	1.657475167820094	0.6160733107847841
0	11865	2.012382611795777	-0.056713837135951586
0	11866	1.6855603263696943	0.5740568012991942
0	11867	1.6852546101552415	0.584591537894754
0	11868	1.72811098732679	0.46927038552349587
0	11869	1.7237598895537853	0.4574568611298732
0	11870	1.7107982578139365	0.46801061591373827
0	11871	1.9422666765751024	0.5312965880775673
0	11872	1.5476388935566872	0.46757519108439516
0	11873	2.0989127857750085	0.1453741698093101
0	11874	1.9271968689755712	0.6316345572927669
0	11875	2.137061847415616	0.08859381437850254
0	11876	2.3344090968682427	-0.020398414133061784
0	11877	1.4486178476744647	0.13276833405876912
0	11878	2.0922530889656765	-0.13425857330733476
0	11879	1.7310559172181856	0.12311413932101592
0	11880	1.7210500571243974	0.1164012198378662
0	11881	1.729633850387054	0.10885276229416072
0	11882	1.9314535018921646	0.1825229242216967
0	11883	2.1049326729522626	-0.1289244929716388
0	11884	1.889880598695204	0.4919253339085528
0	11885	1.8806737208829933	0.5071948133704414
0	11886	1.8878559600687361	0.558648988941484
0	11887	2.1160549537811537	-0.1380001041230597
0	11888	1.9220315823248257	-0.062090630678296434
0	11889	1.9092854929968113	-0.06975774376924397
0	11890	1.899400121059507	-0.09126735519342911
0	11891	1.8975657543364073	-0.07188981654043247
0	11892	1.5663296524454022	0.06584104182123106
0	11893	1.7008739226801781	0.10178210768385434
0	11894	1.6847174718311881	0.1127627698303782
0	11895	1.644302047754062	0.07704990088149635
0	11896	1.6321242490654668	0.11027408155976258
0	11897	1.62236574326737	0.10625456258378899
0	11898	1.7265245632130244	0.5764486826830454
0	11899	1.7250871750547117	0.5861962034223801
0	11900	1.8587455788997216	0.2758057514437766
0	11901	1.8641623519419368	0.26451198168084555
0	11902	1.8859997482281856	0.29343019624396854
0	11903	2.173548127796507	0.36333563674324537
0	11904	2.1468345792868435	0.37395816265931703
0	11905	2.1610594122012463	0.3698797434289993
0	11906	1.714875448315016	0.02883690866483162
0	11907	1.617987820487556	0.508549775219758
0	11908	1.6268750685873519	0.5130390285219977
0	11909	1.872961859650981	0.29749501193012007
0	11910	1.9963075827491623	0.37683834812579853
0	11911	1.7109726141823889	0.5781131679173287
0	11912	1.3814173554739744	0.1689368596418175
0	11913	1.556256600286397	0.05649929983511392
0	11914	1.5677456770697564	0.055094938199600076
0	11915	1.9555627487431295	0.2910283655546186
0	11916	2.0436621062722553	0.18950510978710655
0	11917	2.0586798231106482	0.20719761452849653
0	11918	2.04663377481847	0.20103057988187162
0	11919	2.0557654128845777	0.518961891650888
0	11920	1.5378007868178567	0.48314249915330926
0	11921	1.9316333612595962	-0.07218925304439505
0	11922	1.908680839355227	-0.08627209063432124
0	11923	2.0978795657862648	0.54221171819758
0	11924	1.715379911996945	0.08392124133528912
0	11925	1.8540413824420323	0.6098414969639011
0	11926	1.7176681779250622	0.598378700396003
0	11927	1.7047122710128626	0.5893691852749219
0	11928	1.7000943261968624	0.3547381116704384
0	11929	1.71934511324466	0.35598116437910593
0	11930	2.0817332292572335	0.5327674718130656
0	11931	1.9960508000706756	-0.004618224338350965
0	11932	2.389526206409149	-0.027432137301623586
0	11933	2.2729678140348555	0.312122807608868
0	11934	1.6210930694121068	0.25723669983799563
0	11935	1.6287697199174327	0.26556334689056055
0	11936	2.245333399550552	0.0896807882805507
0	11937	2.3514078276662915	0.008275016986297451
0	11938	1.5729276061333413	0.6028025756942775
0	11939	1.5831526216552236	0.5871747109935606
0	11940	1.5590835759223873	0.5885070786122549
0	11941	1.5835408652883134	0.6001033304199725
0	11942	1.5906673189470735	0.5925260889872318
0	11943	1.5689028574492214	0.570729904559019
0	11944	1.5604625645774866	0.5778665616960135
0	11945	2.275923967556456	0.039866544795569434
0	11946	2.2600991379030546	0.06412131542718748
0	11947	2.277799260659608	0.04866848049861741
0	11948	2.2791549929279107	0.07503939443274887
0	11949	1.6147359859983812	0.27559125351192587
0	11950	1.5991585779826796	0.24952383136130496
0	11951	1.9040810268200117	0.2581464367406591
0	11952	2.21422594613533	-0.13953345592205488
0	11953	2.1686655625759075	-0.11874310943537006
0	11954	2.2830087217879576	0.29161912106945054
0	11955	2.296313625479555	0.2787952888824333
0	11956	2.287714823770327	0.3005587322713077
0	11957	2.3873991508217247	-0.058055767245037034
0	11958	1.632067415680669	0.25695078195937504
0	11959	1.6029995533095764	-0.06919555743413583
0	11960	1.455223632995724	0.009729252338476624
0	11961	2.2845920910468283	-0.05964337349890787
0	11962	2.305835567243447	-0.09274928256195372
0	11963	1.725388843420969	0.223623141581386
0	11964	1.7264031240356101	0.23531118221521363
0	11965	1.7173408724260915	0.23271494634033915
0	11966	1.7180139452670922	0.21631051178509914
0	11967	1.903445953670438	0.6940736785899756
0	11968	1.7105679328703105	0.6536597111919885
0	11969	2.2954768871570344	-0.026895534258691792
0	11970	1.4228076751798635	0.5026524142638378
0	11971	1.9780446237619471	-0.06766466404753212
0	11972	1.7549953160005791	-0.038594799608901456
0	11973	1.6922182391480982	0.050940324023493626
0	11974	1.6690193764755599	0.018178782389135763
0	11975	1.6323400944789073	0.12404083066731306
0	11976	2.1766501236712954	-0.04869801614922929
0	11977	1.7486113786052981	0.1472267233319345
0	11978	1.7567298225735029	0.17756994560980582
0	11979	1.7393797236806998	0.1581665703745359
0	11980	2.0270590247495295	0.29031326084050746
0	11981	1.9116203035960886	0.7859080106919228
0	11982	1.7926636604822408	0.17366477481515943
0	11983	1.817391654339926	0.1638984796877891
0	11984	1.803267749485053	0.16500693968961724
0	11985	1.7959651519688724	0.1589019724598093
0	11986	1.5287781695357021	0.08015677729144352
0	11987	2.1924854746134077	0.4095714982098512
0	11988	1.6842377397532156	-0.04109307874320656
0	11989	1.7086287685958292	-0.06231617542488001
0	11990	1.9451987398737973	0.6961545101511516
0	11991	1.898017830193634	0.7064720697203416
0	11992	2.2061020624782546	-0.12966201603214988
0	11993	1.9708955173230671	0.6044078477867526
0	11994	1.684699786245916	0.06552615176860621
0	11995	1.6743982892114724	0.04966618363522221
0	11996	2.2340487170666	-0.0562778435369513
0	11997	1.5778289796345903	0.5778122441455578
0	11998	1.9811817504004448	0.5235594823930982
0	11999	1.8213946742172153	0.4805568541854547
0	12000	1.6357775140646187	0.5360501219557524
0	12001	1.9770619903309863	-0.04163720379585569
0	12002	2.2621593363601598	0.31658834221427007
0	12003	2.273631424827047	0.2947653331195937
0	12004	1.8183354094462405	0.6304873874593331
0	12005	1.62571826054691	0.5445341128619097
0	12006	1.6970456696773781	0.15282841666431543
0	12007	1.6868180780708457	0.15548559836437553
0	12008	2.1701538115245165	0.024497427549025296
0	12009	2.1222449458603085	0.4058701399650785
0	12010	1.8748719833475482	0.8023556529580061
0	12011	1.7485104361017982	0.6912564047353765
0	12012	2.001199714053523	0.6501849611909121
0	12013	1.6959472123550683	0.08857416660431681
0	12014	1.7138802478762174	0.0944718686460274
0	12015	1.733865676815767	0.0828767843233516
0	12016	1.6146502181824778	0.4863817028364057
0	12017	1.6038548856922938	0.5732520812428086
0	12018	1.5784192554219965	0.4615225372616948
0	12019	2.35507844224749	-0.04014764998824276
0	12020	2.356277317334047	-0.05721534551226237
0	12021	2.377526083861907	-0.035452713831365064
0	12022	2.3553930202266176	0.0534732166149693
0	12023	2.322875342907118	0.060478070254044544
0	12024	2.3199301101195786	0.05148680356439367
0	12025	2.2958041800933926	0.06261625216481455
0	12026	2.3375014383514228	0.01686631174939173
0	12027	2.3635336649881205	0.017842984245703065
0	12028	2.38504545706871	0.017698324052906857
0	12029	2.3685252984498746	0.06241523619023358
0	12030	2.303021680776305	0.04690960403137084
0	12031	2.336098712555466	0.07296746344744624
0	12032	2.3622108116551486	0.045438550170277994
0	12033	2.3768858929309573	0.05758931859625847
0	12034	2.3201338113713117	0.021093134934018314
0	12035	2.3814652283139734	0.04858697024261814
0	12036	2.3755008097314327	0.024501997021076877
0	12037	2.3666647415930924	0.0032584458538410252
0	12038	2.345090713696053	0.047149105954667155
0	12039	2.334040316371307	0.0623305814522434
0	12040	2.3756393761391097	0.009867840555168428
0	12041	2.320140909527956	0.07778169934223453
0	12042	2.3297508664996083	0.08007817855299842
0	12043	2.3139450949951823	0.06876611768817845
0	12044	2.3348190437008793	0.03885153053814988
0	12045	2.3478404800217603	0.021803019588992528
0	12046	2.35658333212187	0.029805996519298255
0	12047	2.322525566299642	0.032971157492973434
0	12048	2.3744277150547575	0.04101183545966095
0	12049	1.8269189268237218	0.22368581359691375
0	12050	1.829458696903846	0.2117042632598736
0	12051	1.6983962721615016	0.01222216627284932
0	12052	1.8158907012198908	0.21973410486449746
0	12053	1.3894659079544043	0.16214110645252486
0	12054	2.1190680448461783	0.09881610166555421
0	12055	2.1304012163279302	0.09892942917960722
0	12056	1.6691198749184568	0.6057273865984605
0	12057	1.9384945522849426	0.5132760649870932
0	12058	2.136251250833238	0.37591217550584394
0	12059	1.9706942250152761	0.4288488343722822
0	12060	1.8807951910138059	0.01703659602748367
0	12061	1.9624181092715918	0.35331378090475996
0	12062	2.1768971868800837	0.03256312679138577
0	12063	1.90913691814913	0.18436683642199678
0	12064	1.9277129632379388	0.49467856289842854
0	12065	1.9221105894104218	-0.24282147150891104
0	12066	2.2213314872509593	-0.07443026971961787
0	12067	1.9184620644739931	0.48265585161948626
0	12068	2.0428647837931586	0.23912170397218446
0	12069	1.7121486953996468	0.019298086577674584
0	12070	1.9220144736408897	0.5225124367053918
0	12071	1.4507314818947599	0.15615500062936308
0	12072	2.2874985485031316	0.08257694266830402
0	12073	2.013686692056058	0.013276918688616225
0	12074	1.8303747547103193	0.2964947422416693
0	12075	1.5807559871613202	-0.016334247905001993
0	12076	1.8455217101041024	0.586788386384423
0	12077	1.4711116287976826	-0.06172153360759176
0	12078	1.7017166173445422	0.6049910793256109
0	12079	1.6999708280034276	0.5815201576043665
0	12080	1.6943343108271463	0.5915894661853242
0	12081	1.658400496302188	0.7468354888564774
0	12082	1.6512882395273352	0.44340234660896427
0	12083	1.6510032980103935	0.7295733249982085
0	12084	1.5961849926104694	0.12658665820635026
0	12085	2.0029781348279325	0.3535887392360607
0	12086	2.06467331885153	-0.06786561550026406
0	12087	1.7354286768254121	0.702228094469752
0	12088	1.8787615403735087	0.5320567750112386
0	12089	1.9057387785539146	0.545215094518679
0	12090	1.6387290967804875	0.7495313793993094
0	12091	1.5681764268114498	-0.034849294709536106
0	12092	2.198736507544685	-0.1051923929414403
0	12093	1.5391728016270727	0.1869244657486845
0	12094	1.639474491629785	0.5733190466361322
0	12095	2.0173357139478965	0.7195502309706497
0	12096	2.152425437354894	0.023290601522187444
0	12097	1.6620702484207086	0.10362455522217894
0	12098	1.7661265951954923	-0.02431659881272987
0	12099	1.8731069855130906	0.1421831450183671
0	12100	1.6660203589976137	-0.005134382453469424
0	12101	2.0187059794420135	0.7318681966432725
0	12102	2.181843387590642	-0.17148670012920808
0	12103	1.5851922874490714	0.13614878711658415
0	12104	1.5643121430420575	0.15573321120649686
0	12105	1.573419232574118	0.1307272151109914
0	12106	2.063051787896836	0.5551115585327919
0	12107	1.6806496373704944	0.5567231989271534
0	12108	2.139652655764647	0.3629556874563338
0	12109	1.7351538303554352	0.4909405248643749
0	12110	1.6493134923509438	0.47001263852578057
0	12111	1.8386054310320747	0.16445918864587844
0	12112	1.6746248758734703	0.06142129937039554
0	12113	1.9160261547810415	0.3963504197173084
0	12114	1.9506421289956273	0.24997314429774536
0	12115	1.5728760518814597	0.036339904919694584
0	12116	1.5883389863249204	0.15180743178733383
0	12117	1.598145342512674	0.1425358160423438
0	12118	1.5096674068346443	0.06583408359409378
0	12119	1.5059320695161196	0.04988481698742301
0	12120	1.507069944297456	0.03851473235339818
0	12121	1.53099738904043	0.041965616598528106
0	12122	1.628145918840254	0.1571256035951961
0	12123	1.678961689754761	0.17368699344178037
0	12124	1.6686814343268341	0.17826782826594287
0	12125	1.675227087315697	0.16340204129172906
0	12126	2.0270935787317903	0.6138418363879964
0	12127	1.662337176803051	0.16724759582183035
0	12128	1.6397351896047505	0.14846362937863752
0	12129	1.664608848676902	0.15565243862486072
0	12130	2.0187329614610086	0.6249946380141003
0	12131	1.4519311949736355	0.12372756517097334
0	12132	1.4383074616098583	0.13141132861187
0	12133	1.4621935605501464	0.13369644925227162
0	12134	1.525568130412294	0.49281965712010306
0	12135	1.633906452105886	0.5563068996945035
0	12136	2.0858617664719703	0.14438622115238756
0	12137	2.096925116701231	0.520724346198125
0	12138	1.9379651900871873	0.6730041047850216
0	12139	1.6020591945290121	0.7717380862859453
0	12140	2.2728924906686916	0.06747473720269427
0	12141	2.079611984448047	0.38469933882386576
0	12142	2.2892227230871742	0.07062437725702839
0	12143	2.1424688265137397	0.39451308121036877
0	12144	2.270140543555401	0.10802497284028348
0	12145	2.099878949878912	0.353288565591684
0	12146	2.1136616432445456	0.38183463097047177
0	12147	2.0916323172391125	0.3577688288218085
0	12148	2.130630907977963	0.3907491691526676
0	12149	1.9405133304015623	0.6290798800589457
0	12150	2.2422502578470906	0.2950697809098128
0	12151	2.168539810068828	0.6295346796059891
0	12152	2.1578721019094087	0.6271014173515099
0	12153	2.1726859635576465	0.6402357108956324
0	12154	2.1533709620439194	0.6353715264900242
0	12155	2.2919822847856652	0.35063448425694244
0	12156	2.286880053727261	0.34260323725024033
0	12157	2.3147241609466622	0.36681279211915985
0	12158	2.2873742401375203	0.3591085134877312
0	12159	2.3238977421402924	0.35951579421849267
0	12160	2.277967599358883	0.3564571816362111
0	12161	2.27449079769712	0.33245406606387984
0	12162	2.321037959313973	0.34918663376599457
0	12163	2.305668699010821	0.35391888522673626
0	12164	2.287540126473727	0.3316482809222845
0	12165	1.893305687911576	-0.157177854043704
0	12166	2.300645343962961	-0.11540934785542034
0	12167	1.5869145778986404	0.7209736784986813
0	12168	1.6146966004777625	0.7379274056024658
0	12169	2.205555504183157	0.8024892884344438
0	12170	1.332093748722775	0.172890930048448
0	12171	1.332235331352196	0.18204261427218288
0	12172	1.342908950435828	0.1639219561596812
0	12173	1.3332709287353735	0.1630131211966845
0	12174	1.3389040802306351	0.19524999724714917
0	12175	1.3523150687228984	0.18827840307618984
0	12176	1.321231667390176	0.17353606828466125
0	12177	1.339046405670954	0.15283655376941568
0	12178	1.322439916532801	0.1833897634984465
0	12179	1.356220175106853	0.16598118216588098
0	12180	1.3499068302494206	0.15650280171934053
0	12181	1.329690577378787	0.19097429586219045
0	12182	1.3235460115407884	0.16444193556167544
0	12183	1.3561160847607026	0.17757906610381344
0	12184	1.3423754912413315	0.1859120851597064
0	12185	1.328763999029168	0.1554122014825104
0	12186	1.9272023134194278	0.3441491903972286
0	12187	2.1881847366015954	0.4191139273273399
0	12188	1.8606797250891496	0.16513980173389928
0	12189	1.7980941938485862	0.6855110625666354
0	12190	1.6154744245479475	0.4629713036089543
0	12191	1.6930912125680326	-0.02310594549017113
0	12192	1.450463982522482	0.14330497611888768
0	12193	1.6083969553053645	-0.05723831844517221
0	12194	1.6216603620616319	0.7727717922958078
0	12195	2.068243805973841	0.004196629855903359
0	12196	1.6006700481796734	0.47542782649707266
0	12197	1.7896812254564771	0.11150342983160644
0	12198	1.8327552931742366	0.054042591047064686
0	12199	1.7855196910241087	-0.07400520892521227
0	12200	1.8401526612125139	0.048906247612743085
0	12201	1.7718496245398345	-0.07684539779225252
0	12202	1.837856783481942	0.03669578501772717
0	12203	1.7777179093104236	-0.06782627461804444
0	12204	1.8302870177438215	0.06310700264962658
0	12205	1.7893658163878225	-0.061525560997928073
0	12206	1.7822122170780088	0.016628816650977766
0	12207	1.7995311113454486	0.050594628459208014
0	12208	1.8295221889352116	0.04011175833656028
0	12209	1.7637152078015657	-0.06777052726964287
0	12210	1.9413280181859827	0.3074890628550498
0	12211	1.8999326675193453	0.7591602478377925
0	12212	1.9091475148794095	0.755369989872445
0	12213	1.897946348272148	0.7708627012849497
0	12214	1.5435346689693863	0.4966945215389487
0	12215	2.1005285954650867	0.11217718271782177
0	12216	1.6771970163208458	0.1243495941406608
0	12217	1.4099241812710783	0.2153781619362248
0	12218	1.5929284855834556	0.5284541312174856
0	12219	1.9737952135696528	-0.05282430549446749
0	12220	1.8115616197551372	0.6204124180152888
0	12221	1.5408320231463952	0.5118963486490088
0	12222	1.550262242582148	0.4879753381138608
0	12223	1.641200436698011	0.5620250445535254
0	12224	1.5190052909939127	0.542329701942519
0	12225	1.4942311973719706	0.53794836440151
0	12226	1.479967788264161	0.49433525379516213
0	12227	1.529936233024432	0.4333109181165436
0	12228	1.535923568490291	0.44094464556994917
0	12229	1.5477593269537226	0.4374161046413246
0	12230	1.6596506579439807	0.47007993056674546
0	12231	1.5891551226765064	0.5144686458861526
0	12232	1.81214229820071	0.6385774929114851
0	12233	1.5939910514297853	0.5633309446016413
0	12234	1.566961622097783	0.46722301395431465
0	12235	1.6115064677169362	0.5188189891192686
0	12236	2.008558324541839	-0.027726891717311117
0	12237	1.9843904995812793	0.16653767944059453
0	12238	1.6968399300650316	0.40804312539624304
0	12239	1.686708091957419	0.4343457449375993
0	12240	1.4967424968639997	0.5293363718847472
0	12241	1.530529587961	0.5287213015249721
0	12242	1.486602644948306	0.5106782694565756
0	12243	1.9711215878820354	0.544380109025304
0	12244	1.7040446880067748	0.034954474264130356
0	12245	2.210680662092258	-0.0570885586961923
0	12246	2.0307060963455847	0.031192196952624256
0	12247	1.9351007288386133	0.3299989657038686
0	12248	1.5137221532569662	0.4600134430448801
0	12249	1.5097628717070302	0.596992204418043
0	12250	1.5214183681200557	0.44110393096016765
0	12251	2.161291952558537	0.7691982978698796
0	12252	1.6028036604769782	0.1534745909422716
0	12253	2.1161694488859526	0.18133245703241702
0	12254	1.7063718392515106	0.4059162880370043
0	12255	1.7215370861317842	0.13602507113874476
0	12256	2.2044479870153038	0.462276732939019
0	12257	1.5189441159391637	0.6352780325710929
0	12258	1.928687867759479	0.5323807964539111
0	12259	1.900578305881353	-0.11842551612786366
0	12260	1.912942358908714	-0.1216840702381169
0	12261	1.8914950499294514	-0.11126642785813
0	12262	1.955680516102944	0.49090260648240824
0	12263	1.6849476742404237	0.48594079892897535
0	12264	1.8270062730558716	0.6218957427479841
0	12265	1.5966301498489737	0.46235739562892925
0	12266	1.9903980802061658	0.44415933453016765
0	12267	1.9254760374973077	0.5093804240331034
0	12268	1.575391078929538	0.5343927993359852
0	12269	1.803885586040061	0.614116099257853
0	12270	2.0240003996485134	-0.029839594677574407
0	12271	1.8106459900429266	0.4711528867201657
0	12272	2.0604157307609055	-0.09608810634626228
0	12273	1.4573792433673391	0.1836040060553266
0	12274	2.035503113693487	-0.09092920796982965
0	12275	2.105380476854969	0.8013946311997211
0	12276	2.112127812843507	0.8088540765349631
0	12277	2.0477063022354485	-0.08452304908379915
0	12278	2.0604530590091246	-0.08587669753658479
0	12279	2.0524572116898314	-0.10160656107576815
0	12280	2.042723832992041	-0.10161282418338251
0	12281	1.8697731952527235	0.3086011626193451
0	12282	1.8481121259235904	0.15227520670774267
0	12283	1.9643032230160413	0.634983243042205
0	12284	1.9659382424701344	0.7086493777738995
0	12285	1.9671099172257795	0.6839751337489701
0	12286	1.9527619709588568	0.6549605211411406
0	12287	1.9633508000656843	0.6522754622746147
0	12288	1.9207134201716005	0.6592178101131784
0	12289	1.93619896079502	0.6421387447216275
0	12290	1.9011580472344223	0.717092959991051
0	12291	1.9292844984577562	0.6702172870953578
0	12292	1.665890752875235	0.02873313502916901
0	12293	2.366355165426121	-0.0416614496050003
0	12294	2.169656568839395	0.06386675573591788
0	12295	1.4753671553534993	0.5160911061939716
0	12296	1.659398166065099	-0.021132370809090528
0	12297	1.344739642400428	0.17375991012967348
0	12298	1.995144161026206	0.5167701085153561
0	12299	2.060179572248737	0.5295408093109032
0	12300	1.931692884321663	-0.24800943395507408
0	12301	2.2680890404871463	0.043676326857241723
0	12302	1.6146419940218053	0.2647461664268135
0	12303	1.6265180717514491	0.24853333012811069
0	12304	2.2750005433827063	0.027912428241418104
0	12305	2.2459216892537084	0.05497625562261474
0	12306	2.2610294901275987	0.04740215627133153
0	12307	1.385709482201053	0.11853855251137142
0	12308	1.6396036889438854	0.7713605950455428
0	12309	2.067628218319627	0.07662446602099471
0	12310	2.05623074309775	0.0835522737197994
0	12311	2.041356958946066	0.10064470995593361
0	12312	2.0187137861962476	0.07898401432490863
0	12313	2.3145072234945907	0.4283723633616401
0	12314	1.5237953239080284	0.5522838759502281
0	12315	1.7064245613086728	0.702493780362111
0	12316	1.708869939128736	0.68955328358227
0	12317	1.8871879678321537	-0.17549384324490422
0	12318	1.7688770158662301	0.13058731979439955
0	12319	2.2319845852866966	-0.08791368201132745
0	12320	2.299830350515296	0.4736047022863597
0	12321	1.7987757646465339	0.2799206357250997
0	12322	1.8082504908847303	0.3110292881380351
0	12323	1.7887459836072175	0.2878153017214977
0	12324	1.7971180395816457	0.2921858967876865
0	12325	1.8161127690244732	0.3014590684661258
0	12326	1.8096654977757178	0.2787178685196296
0	12327	1.8153784633775418	0.2878469680922987
0	12328	2.285847141191365	0.4396404167605468
0	12329	2.2436947289919584	0.22933227209313242
0	12330	2.239447117408957	0.1570863486523055
0	12331	2.275115262404381	0.1544943376836277
0	12332	2.313332596863465	-0.05733603138770568
0	12333	2.193336380809104	-0.038387820260968084
0	12334	1.5981151467766765	0.5177764390280909
0	12335	1.5946458077189203	0.504176649053321
0	12336	2.108783513894596	0.42625626421204726
0	12337	2.151041793118881	0.4694748441460528
0	12338	2.1386758227502485	0.47271587844056084
0	12339	2.135569142181647	0.4152891792277005
0	12340	2.1225040169515395	0.42081206004354665
0	12341	2.121394281881877	0.4684628539130629
0	12342	2.1107392904722095	0.4643238139732434
0	12343	2.1764692357090745	0.6910626509384397
0	12344	2.240003130408232	0.43548721340608504
0	12345	2.2295262914567795	0.4137070718750173
0	12346	2.251961529579046	0.42425422563003606
0	12347	2.2197647057008547	0.4253816795449832
0	12348	2.2429727201115517	0.42679427838807166
0	12349	2.233002045959591	0.4220090141438749
0	12350	2.2457331640100886	0.41374030692088515
0	12351	2.3025821336762955	0.4144011690174803
0	12352	2.3135553248262726	0.4169325117929237
0	12353	1.7808001321447429	0.16024202697412193
0	12354	2.2851634626917963	0.2033485671019809
0	12355	2.2647480620942666	0.21100275069428645
0	12356	2.2884206711636326	0.21353624282753475
0	12357	2.3085894204542026	0.18766334552747155
0	12358	2.265728954950075	0.22315100380353223
0	12359	1.4553359797511158	0.04710770471066185
0	12360	1.9730536967215768	0.5141647365558618
0	12361	1.867246515664133	0.39108254896741257
0	12362	1.9960482233866657	0.03681541561721159
0	12363	1.7591840420326934	0.03443301241218663
0	12364	1.753054393638426	0.0245235349993721
0	12365	1.740543315001235	0.05427199520199901
0	12366	1.7441566994565527	0.029794929386569913
0	12367	1.760760835644752	0.04546706146927596
0	12368	1.7477591373967296	0.04193579071694908
0	12369	1.8399761350298374	0.4252940301614144
0	12370	2.1334684337616014	0.8372133690705853
0	12371	2.067825535541898	0.3495556196445802
0	12372	2.2622126026451115	0.26793480226133043
0	12373	2.2504463983674743	0.2712158489074283
0	12374	2.284800236055741	0.28047858158756234
0	12375	2.2874844084801604	0.2740124666453598
0	12376	2.335836378907967	-0.05197834347721152
0	12377	2.0755021642143356	0.36070310290110913
0	12378	2.2981554370937287	0.33847860793106704
0	12379	1.9803767181448704	0.2153601189149212
0	12380	2.1098545599790426	0.4533221313604617
0	12381	2.1624159980332607	0.2986711991585639
0	12382	2.1358180906223665	0.29628590756508766
0	12383	2.141265145236071	0.6666852907613617
0	12384	2.1028662930637383	0.3367410910653833
0	12385	2.2449988029396457	-0.0923623385824843
0	12386	1.8921739154319317	0.3791927705913205
0	12387	1.6594506444407668	0.7220014000474871
0	12388	1.6844491247662787	0.7321750521938167
0	12389	1.7358986241563452	0.7486812622677917
0	12390	1.7357339298316656	0.7327540635231427
0	12391	1.9480444146506748	0.15327182447841567
0	12392	1.6312743769175488	0.17179802719905365
0	12393	1.7274132127473727	0.6979959361990097
0	12394	1.9548689391663863	0.18341474509458694
0	12395	2.2176864460594325	0.2826054339097631
0	12396	1.714060233419223	-0.004976508895820544
0	12397	2.0027683805008962	0.18670866147496273
0	12398	2.0011803057838318	0.2280511955211657
0	12399	1.999048680343295	0.1662643024213675
0	12400	1.9780223465723363	0.18472550880296987
0	12401	2.2378921523138686	-0.0656248182997101
0	12402	1.476329365862621	0.503902793213122
0	12403	1.6177834991440054	-0.06224863450291214
0	12404	1.9772226215064665	0.3329689715824632
0	12405	2.135525196520838	0.8522940091656979
0	12406	2.1689488331934696	0.013159308654849496
0	12407	2.1390783216164833	0.4059540759351617
0	12408	1.9198713883626115	-0.1067073107680206
0	12409	1.7791743940003764	0.6157584472401755
0	12410	1.79603300409108	0.6028881342127618
0	12411	1.7931861605969512	0.6157811720783791
0	12412	1.9965964442585569	0.14842178453478547
0	12413	2.170405708550789	0.6752984498769488
0	12414	1.7445194536109232	0.7147492611885529
0	12415	1.9755916460225325	0.6179439029067689
0	12416	1.932740944039067	0.6172797887043788
0	12417	2.2612999335206116	0.15862857334819674
0	12418	1.9326436690678859	0.6012489561608504
0	12419	1.818761257134435	0.6140588984921186
0	12420	2.17487276465651	0.6653235705137752
0	12421	1.8057856639169114	0.2956518577423623
0	12422	1.4643663104994047	0.0365148097678078
0	12423	1.6961639028607998	0.07777783406325008
0	12424	2.1940296713899974	0.3258953408167326
0	12425	1.9348557666579282	0.7672056663391577
0	12426	1.870766051209262	-0.11382795642793389
0	12427	1.5764131327729327	0.5585718518280215
0	12428	1.603180489670706	0.5952764555814573
0	12429	1.4855402011371597	0.1873469341891081
0	12430	1.6016349719444372	0.5580923755103205
0	12431	1.4827813680799362	0.17165494582306512
0	12432	2.2031290408038045	-0.04787634965667827
0	12433	2.1089151141541445	0.5458548589931974
0	12434	2.0442728246343385	0.002415104617385822
0	12435	2.031464099733489	0.005085672474685272
0	12436	2.037979265020656	-0.010521323621408734
0	12437	1.938560439247747	0.4988721334329468
0	12438	1.5108565056505567	0.493618275997865
0	12439	2.3860071732667008	-0.06958946562732962
0	12440	1.5868415210154134	0.47382417611736666
0	12441	1.6000968802889233	0.4450094705898877
0	12442	1.4005836862375434	0.5273706705335329
0	12443	2.1441444034991104	0.16682891662504037
0	12444	1.8821564220218314	0.33943416528408277
0	12445	1.5873868334753594	0.011622085872707974
0	12446	2.052488921070753	0.3856821744454246
0	12447	2.087191723161771	0.544918842850708
0	12448	2.0105956328727523	0.7676153386757714
0	12449	2.096537406657619	0.5661086866800417
0	12450	1.9757320705846004	0.4443731594432301
0	12451	1.9740204350833033	0.48652276502086084
0	12452	2.0050925290356814	0.4996603668366087
0	12453	1.9841826714887403	0.4899166681298965
0	12454	1.9755661518788534	0.5024135428097549
0	12455	2.328316777236537	0.01253802175891012
0	12456	1.748516395483391	0.7011757209865993
0	12457	2.0321013335595293	0.018035303203368148
0	12458	1.9012205318774662	0.34022703369433527
0	12459	1.8575566724526578	0.3272293539620209
0	12460	2.1156905188370514	0.5586151300854769
0	12461	1.524762088456336	0.5865918169997735
0	12462	1.8612712811722107	-0.13341879049523103
0	12463	2.1228042500589113	0.29027810888092065
0	12464	2.34582190977414	0.2327528210319766
0	12465	1.483996530257738	0.02766323335025547
0	12466	1.6146814141930712	0.44774585113708154
0	12467	1.9608290750957669	0.38967973461395566
0	12468	1.9137352747474186	0.27062366049252395
0	12469	1.652278719800689	0.37466788613914914
0	12470	1.6739318475268077	0.36755140727701935
0	12471	2.2086586918484903	0.2349336119456692
0	12472	2.186055961322572	0.23363659249878957
0	12473	2.350960198450119	0.2707499617436793
0	12474	2.327147138892084	0.3209231462829459
0	12475	2.3157005475183117	0.257038513543114
0	12476	2.2619650445054256	0.3545824758920622
0	12477	2.2138624813783103	0.3143975739955123
0	12478	1.5296814184576135	0.024022977607381958
0	12479	2.2602389121517015	0.18735150529334593
0	12480	2.0580441544445764	0.6733989039950296
0	12481	2.09414544250135	0.32740604001787554
0	12482	1.8547468377390504	0.1404266106442765
0	12483	2.117163478384352	0.3443899618664801
0	12484	1.631785485805534	0.37194457528004043
0	12485	1.6478705833229663	0.3879437600518365
0	12486	1.6367030588675369	0.36298199781957613
0	12487	1.65914174332847	0.3557543787875279
0	12488	1.6612158576559521	0.36492745705893753
0	12489	2.1443459097358186	0.7871287742800347
0	12490	2.0599006062654666	0.2764149354983386
0	12491	1.6567545848353094	0.5456045589306759
0	12492	2.0625768851359325	0.2909251151439774
0	12493	1.6148889061049918	0.5425926211811789
0	12494	2.333737773913535	0.24287262512716062
0	12495	2.115087373201354	-0.15042987392135876
0	12496	2.375657127522026	-0.07385755273551453
0	12497	2.051573428161601	0.3401468115356137
0	12498	2.2393205184155303	0.18251045956931772
0	12499	2.255115061598972	0.3616776081275343
0	12500	1.8595082143656554	-0.15614150317330144
0	12501	1.6207407981520354	0.7451656322006773
0	12502	1.610477195637087	0.7528676858920289
0	12503	1.62107045041285	0.5552881491207659
0	12504	1.6553651820621773	0.4955586220264948
0	12505	2.146572123233245	0.8102207904203473
0	12506	1.5349281910240498	0.01359462226624827
0	12507	2.1033044682585933	0.31553641465666976
0	12508	2.2227223283023663	0.3780603681713911
0	12509	2.20075530149449	0.3627145487230494
0	12510	2.2104626124302573	0.36031066056265343
0	12511	2.2185941508498725	0.386360438836849
0	12512	2.1960244844766956	0.3808949253540154
0	12513	2.216353658983084	0.36867097993728537
0	12514	2.1945745291062186	0.37077008803146844
0	12515	2.2067460474179454	0.3863507171463458
0	12516	1.9331527429297197	0.788086761509382
0	12517	1.7805194408540643	0.1702220705818248
0	12518	1.8674853394165585	0.478526511920046
0	12519	1.594049591317362	-0.00177292169528149
0	12520	1.5688766288963647	0.1372540345701335
0	12521	1.610536138223899	0.13140456482571425
0	12522	1.9431454428240236	0.5552331961314598
0	12523	1.6247951285778004	0.09682022103053489
0	12524	1.6157028434462808	0.09356412592285032
0	12525	1.6280966143340287	0.5745404770826162
0	12526	1.4045165397053407	0.14973122773878994
0	12527	2.0182864417951882	-0.07910050575193699
0	12528	1.9998968000890303	-0.05205607102450974
0	12529	1.9882292998947935	-0.046957537692983185
0	12530	2.084654829582536	0.5639572412656811
0	12531	1.7009813840509762	0.5171541937589178
0	12532	1.8129302450174825	0.49856592243008513
0	12533	1.637989539591706	0.16312952310503967
0	12534	1.8401169969784348	0.18141454396666207
0	12535	1.6821334765530778	0.0008753652163677557
0	12536	1.9113104627485602	-0.22776960597208903
0	12537	1.9236414242188618	-0.23062841274306475
0	12538	1.9015852082061866	-0.2526093348372066
0	12539	1.9137620920574026	-0.2560697037300601
0	12540	1.8999739581710213	-0.23230362826982462
0	12541	1.5386553922513804	0.6053321589434383
0	12542	1.5127018505930399	0.5825523568183913
0	12543	1.5574431851176656	0.4601892092246996
0	12544	1.5672099599380949	0.44086437848911836
0	12545	1.4534331514923147	0.22614356313754866
0	12546	1.5984877813072218	0.6115644614564696
0	12547	1.6141290095200311	0.6303177628719917
0	12548	2.2230269387824895	0.22708714316094578
0	12549	2.187973058783506	0.2436730976859658
0	12550	2.348384912016804	0.29316841439140046
0	12551	2.3339956626740532	0.3031199089255404
0	12552	1.668386468114688	0.40881977318598145
0	12553	1.7900212936151982	-0.20749714844995484
0	12554	1.7965146372818082	-0.20009604634795475
0	12555	1.7791742933270775	-0.2197054449955015
0	12556	2.278030327713868	-0.10046685602343496
0	12557	1.7638108823971832	-0.20464426557379053
0	12558	1.885948284739508	0.7350776901383062
0	12559	1.9499346411601988	0.7164609114391923
0	12560	1.857587162599047	0.7017253274758969
0	12561	1.896354697244817	-0.24321897448398314
0	12562	1.8984040047914021	0.5043291117685467
0	12563	1.9039918198308947	0.5248898705437417
0	12564	1.880028633284671	0.520743709352355
0	12565	1.8952624961866271	0.5454274772850434
0	12566	1.665321176520096	0.44330283676130805
0	12567	1.991985216940832	0.3878899861411683
0	12568	2.0757434435829643	0.4042136686435738
0	12569	2.0317012776442476	0.3981309968781389
0	12570	1.9934094367376243	0.3218838376640417
0	12571	2.0029707431788335	0.4040582960995232
0	12572	1.9912624313621567	0.34526503629775895
0	12573	2.0018397662418397	0.3357378558216196
0	12574	1.7201227107304353	0.1486887872767107
0	12575	2.0130920392700618	0.6554260943307854
0	12576	2.027603943021605	0.7256948896559773
0	12577	1.917307896196335	0.8266786345722978
0	12578	1.825794972726743	0.4374925298992425
0	12579	2.117152803273538	0.8289893106917064
0	12580	1.9608734897924534	0.23991821658872872
0	12581	1.9993089262059482	-0.07560606177699755
0	12582	2.1693898148421336	0.7771193950132275
0	12583	2.008577449942521	0.0490127507276322
0	12584	2.0015235375765097	0.025165125158165637
0	12585	2.0013882067694313	0.012936759973738079
0	12586	1.9828359452601185	0.6068247696696414
0	12587	2.042658641761871	0.21063787389282485
0	12588	1.9278341488548238	0.1726642473802059
0	12589	1.8948710021856199	0.18910857851868396
0	12590	1.7626118304230296	0.06413503161210388
0	12591	2.146965933261868	0.4477349214900169
0	12592	2.1588782041053727	0.4537493854388623
0	12593	2.1360151808470342	0.4552902815007671
0	12594	2.1547691460371867	0.4403026812130703
0	12595	1.840763272663409	0.4774035869122669
0	12596	2.0189447380752825	-0.12760991041059205
0	12597	1.7139074713882545	0.39880958714248643
0	12598	1.9743039214404818	0.19752531062531975
0	12599	2.0294963903339514	0.24995747540458396
0	12600	2.034384996985186	0.20081316231711321
0	12601	1.941002598086994	-0.08015001921594182
0	12602	1.7005306183334878	-0.06962647242861883
0	12603	1.9843445037262413	0.07478137451966785
0	12604	1.7869812994108547	0.6012785064851586
0	12605	1.7908004445712142	0.6343002216084537
0	12606	1.9045997366215337	-0.05855143055004423
0	12607	1.7777716010086704	0.6421102862557367
0	12608	1.9166291600318752	0.49870127141839277
0	12609	1.9369050732964785	0.8278390422062541
0	12610	2.025557307099472	0.7056212562022395
0	12611	1.8942254888587555	0.04691938381932002
0	12612	2.0406251171681697	0.11291702897001943
0	12613	2.326459499320846	-0.011345165733442731
0	12614	1.5570059794790747	0.4771077395113458
0	12615	2.216819366310353	0.14719180838477622
0	12616	1.6748941786666292	0.4950052175102321
0	12617	1.9890252920962115	0.33379603276902253
0	12618	2.0577455132745226	0.545168289780992
0	12619	1.9892331521933457	0.026286485912361882
0	12620	2.0036314374236137	-0.06282556422548229
0	12621	1.9781558735973823	-0.010983632277912898
0	12622	2.011768361763868	0.028465825734833722
0	12623	1.8102891162814765	0.4850148886534754
0	12624	2.0069375242522933	0.03731327388749734
0	12625	1.9967794711962248	-0.029702910308838797
0	12626	1.9778623069158072	0.02407705034761143
0	12627	1.9557605853637305	0.1629409666140472
0	12628	1.960847740540728	0.5410741852620623
0	12629	2.0227718357829634	0.5264444325614386
0	12630	2.0028983999757815	0.5302286705530943
0	12631	1.6100148428369085	0.6164162962476264
0	12632	1.5621436384176095	0.5591940559351657
0	12633	1.594219627761605	0.550329721619994
0	12634	1.5906984851476853	0.10678030376165058
0	12635	1.5680341069407324	0.550105334400921
0	12636	1.6128819958904228	0.6048029903815313
0	12637	1.6113454433975078	0.5632027178814831
0	12638	1.6029083149586676	0.5320244494349193
0	12639	1.9109209579373605	0.03338219463465331
0	12640	1.6056901843366145	0.4616122039701266
0	12641	2.2098481776761294	0.39992154799702445
0	12642	2.1335013233569495	0.1215197641451359
0	12643	1.9859914960974903	0.036812512496532994
0	12644	2.2647990180500432	0.5276967396852477
0	12645	2.25444194012922	0.5280176568994791
0	12646	2.228300537118994	0.5320877678820921
0	12647	2.0846062631207705	0.3670671351122131
0	12648	2.1025194037051813	0.3675236891273949
0	12649	2.089294268426928	0.3762485056364801
0	12650	1.633089395028581	-0.042557126360934734
0	12651	2.0745454153123446	0.37353716946874765
0	12652	1.5963789312736338	0.007698212488351227
0	12653	1.7164001688342747	0.6991880999316348
0	12654	2.1733895541070902	0.5148037976378437
0	12655	2.245314782834812	0.5223146057029185
0	12656	2.182760336655589	0.5157813774014641
0	12657	2.168831629654212	0.49969153700160795
0	12658	2.182520231422266	0.5289918383231407
0	12659	2.16402679009135	0.5081511481765061
0	12660	2.156634448660066	0.5181331643569717
0	12661	2.163978335935248	0.5332246914864087
0	12662	2.1663430657483906	0.522893698741245
0	12663	2.1737271575761823	0.5319318287990559
0	12664	2.1798580554510827	0.5031060751960267
0	12665	2.1533520037869534	0.5078807337331763
0	12666	2.1554500644741132	0.5276820574775983
0	12667	2.2433654525776348	0.503589955917945
0	12668	2.250561859799211	0.5123669915493897
0	12669	2.2713147637350084	0.5373444871576925
0	12670	2.2813076999806956	0.5499292260647494
0	12671	2.2876267670597987	0.5381085536557736
0	12672	2.190120922360125	0.4634250585219528
0	12673	2.243272805747692	0.5446050527532634
0	12674	2.2536760830660567	0.5444551366448137
0	12675	2.239106829361827	0.5143216127710155
0	12676	2.2304434220545395	0.5216078789890909
0	12677	2.238874703755703	0.5316196530347282
0	12678	2.258676888867741	0.5186570587232243
0	12679	2.2322939090056835	0.5089381285617024
0	12680	2.215772613730847	0.4603221461664943
0	12681	2.214196605723652	0.4723800118736437
0	12682	2.2591055973294702	0.5364734004765928
0	12683	2.268676429496804	0.5188258658540646
0	12684	2.2240757540748195	-0.13519685633845244
0	12685	1.9211878902071935	0.04418529018159778
0	12686	2.104244214692013	-0.15599412374286228
0	12687	2.1351312547870034	0.7235460403607529
0	12688	1.6368175888182983	0.08781312964829863
0	12689	2.07640308908418	0.7993402558180368
0	12690	2.069308831079054	0.8126527514810298
0	12691	2.064618411174051	0.793189577288444
0	12692	2.0999380451522685	0.7885908409808186
0	12693	2.06004855020399	0.8044844181792201
0	12694	2.089613597904321	0.7981973962074388
0	12695	1.632423479744525	0.07840512393071433
0	12696	2.151235437406935	0.7416982020506416
0	12697	2.1730876081148165	0.7271629604488955
0	12698	2.148458169486564	0.7268021577579722
0	12699	2.167492601300063	0.7438631993177707
0	12700	2.179890515230442	0.7354155004754293
0	12701	2.1642707420670715	0.7325243668741087
0	12702	2.133764832013706	0.7342603919677544
0	12703	2.1453474802220547	0.7171776307763218
0	12704	2.1090123000162895	0.7804460255075376
0	12705	2.1170031271921657	0.7626800456960925
0	12706	2.108519008804292	0.7699507245081544
0	12707	2.088071411675543	0.7667187147416308
0	12708	2.073368753492821	0.7631250657927967
0	12709	2.0781508132820288	0.7751252484003476
0	12710	2.0842457033437807	0.7545098959392184
0	12711	2.1032354929032433	0.758836904831551
0	12712	2.1409696826323317	0.7415869796880474
0	12713	2.2633793230055033	0.5096074582035466
0	12714	2.248082306601241	0.5361093749315206
0	12715	2.2338935975611607	0.540957324968475
0	12716	1.729203937225637	0.6731773757268285
0	12717	1.7904764318796131	-0.21819038093557094
0	12718	2.231509323766734	-0.03740800434988395
0	12719	1.41354266842816	0.1348068518741799
0	12720	1.3963857338127945	0.14233824825887584
0	12721	1.9803090308632452	0.2604467879809128
0	12722	1.758920910081026	0.09430229196591292
0	12723	2.2167965187696814	0.654502131636522
0	12724	2.2216258567364626	0.6452488324091994
0	12725	2.21029833167922	0.6370822470364358
0	12726	2.2197680784620966	0.6350144364241642
0	12727	2.2001748658099576	0.6338586403461541
0	12728	2.2123869768624074	0.6270710781736577
0	12729	2.202728275580009	0.6232650232396773
0	12730	2.2111032214415967	0.6473903320926669
0	12731	2.1881809124622276	0.6379815206413445
0	12732	2.191781713316731	0.6268411745817131
0	12733	2.1901943820299947	0.6507235200858399
0	12734	2.2212066247996343	0.6767104906090813
0	12735	2.236626189101424	0.6832547471055013
0	12736	2.2094977867587797	0.6745854181750657
0	12737	2.1997247500037225	0.6670207626408924
0	12738	2.2365479784542917	0.6706502314180359
0	12739	2.1173605658892427	0.6368036485309926
0	12740	2.1248398634016135	0.6218050897448136
0	12741	2.114483106248113	0.6270334860156003
0	12742	2.1359752787358226	0.624126884650905
0	12743	2.1242190500760456	0.6525965426779191
0	12744	2.126222049830659	0.6315367864613383
0	12745	2.108290348760705	0.6392972575366922
0	12746	2.1384563284125373	0.6352289775458755
0	12747	2.1212479994869256	0.11496044935242791
0	12748	2.2935503021502734	-0.09126944164946475
0	12749	1.9864281449902768	0.24728830942770538
0	12750	2.0506561059356594	0.07462197901062598
0	12751	2.060954380980737	0.09289761141976996
0	12752	1.841731375575608	0.14076339777166494
0	12753	1.965290971759646	0.15454990668552424
0	12754	1.8618138560149526	-0.2008108769968557
0	12755	1.8852680775307324	-0.20311002904645659
0	12756	1.9352342753256937	-0.13624286200970775
0	12757	1.9443541151425934	-0.10298987487646397
0	12758	1.909172567104692	0.6503861891845858
0	12759	2.024958603279291	0.6369716412600609
0	12760	1.7258177108651656	0.41056515718549136
0	12761	2.078498085379193	-0.050676791304281356
0	12762	1.741553657233112	0.6852530377559217
0	12763	2.00139067717038	0.30951808736812203
0	12764	1.7190367463020664	0.7208266322492937
0	12765	1.599293086689425	-0.06081346498526392
0	12766	1.4582868623794563	-0.009090334270239267
0	12767	1.9079828157114995	0.04466827438436154
0	12768	2.282205385372993	0.45040161231025216
0	12769	2.1883628079502455	-0.1304843574501611
0	12770	1.9060534259101811	0.08159989217974464
0	12771	1.8912725521913132	0.720268574154833
0	12772	1.8679634199007162	0.04509742580190326
0	12773	1.8327552502268236	0.2824758175267167
0	12774	1.8239050764430436	0.41128748218046296
0	12775	1.812820871111514	0.3997168307062851
0	12776	1.827609528613987	0.42636808740153787
0	12777	1.8132991135754648	0.41658479022155775
0	12778	1.8259799147746238	0.3992636043077551
0	12779	1.8346628608429214	0.364453265953876
0	12780	1.8292388990048865	0.3499579176260697
0	12781	1.8437215281978137	0.3569464588682241
0	12782	1.822205155909764	0.3630639989518503
0	12783	1.856342550657318	0.3711799487573587
0	12784	2.2126575568563682	-0.10829487742174453
0	12785	1.8384248292001235	0.4039194576334901
0	12786	1.8451913782487914	0.37774741553829555
0	12787	2.196955597615824	0.701224003326936
0	12788	2.140770363367492	0.2873886383515521
0	12789	1.6566112813930762	0.6302829611674313
0	12790	1.833908882295759	0.3177509845572773
0	12791	1.8734694877643867	0.27266159909978027
0	12792	1.8491523428787184	0.3944271515786133
0	12793	2.3552636108031515	-0.07077178150909197
0	12794	2.3917297799610457	-0.03996576519538769
0	12795	2.017302781836316	-0.038352620374213796
0	12796	2.2128172840001956	0.34274789417501095
0	12797	2.149850069434944	0.6467253445824578
0	12798	1.5979778330137164	0.712356036169966
0	12799	1.5733721341290325	0.7288986667802466
0	12800	1.576720716706971	0.7040641499824976
0	12801	1.573192172344096	0.7130165073283476
0	12802	1.567676493256301	0.7204445080421316
0	12803	1.5909153898757076	0.7021361606549127
0	12804	1.581615847435954	0.7355203583600345
0	12805	1.5853631439207978	0.7108105977335116
0	12806	2.264077003251869	0.07549326349207144
0	12807	1.7899020225764937	0.30133748478227257
0	12808	2.1688960403198507	0.7031651891708407
0	12809	2.1598101190732297	0.7082934325242942
0	12810	2.1771989087556247	0.7124454914146967
0	12811	1.8583659686324494	0.0394454153476473
0	12812	1.9995337238223025	0.6734685309440231
0	12813	2.0961741366986057	0.3039395649449718
0	12814	2.107650485608653	0.30317123310835803
0	12815	2.095505359247	0.2927010929160765
0	12816	2.08926052982605	0.311198988057766
0	12817	2.0922276749272934	0.3878378390371713
0	12818	2.2041376495606717	0.6552967872062991
0	12819	2.2038637115404853	0.6820988845487336
0	12820	2.1148776804774316	0.648092450945504
0	12821	2.3062899022597487	-0.1332077022063159
0	12822	2.2691359713248156	0.09807124418742513
0	12823	2.210471579125079	0.034702143014815855
0	12824	2.2480647211586025	-0.008192270557223614
0	12825	2.258100336430114	0.4564054510408417
0	12826	2.084294766860174	0.6949465137667526
0	12827	2.0676569970920817	0.6837117109928581
0	12828	2.0793702218587695	0.7060880051916324
0	12829	2.0689978989392657	0.6967782321298959
0	12830	2.0795609799188512	0.6858619393055684
0	12831	2.0638800637472827	0.726743004912102
0	12832	2.055820369662089	0.7144689106320906
0	12833	2.0687671403313512	0.7121863274777579
0	12834	2.251523913930153	-0.029130416777736846
0	12835	1.870391333872902	0.03370587855541414
0	12836	1.6782122168356763	0.7669408491295943
0	12837	1.6806206350876007	0.4192627980294408
0	12838	1.735564027379104	0.66512636557369
0	12839	1.7184502220784295	0.6615933472280721
0	12840	1.921894304494723	0.4070671313612701
0	12841	2.157635556538037	0.8314625343630442
0	12842	2.158469264432711	0.8467075327773286
0	12843	2.1697773974984855	0.8412716535939472
0	12844	2.1729740067306085	0.8302018412406298
0	12845	1.7208505019991251	0.6516063655917719
0	12846	2.12519762925747	0.1348958018823797
0	12847	1.8662585280349226	0.33641428686820996
0	12848	1.6994680557746251	0.7779095392121442
0	12849	1.6931786669911204	0.7662931347731528
0	12850	1.684685677066107	0.7580469249533893
0	12851	1.6867852493734412	0.7770544262802417
0	12852	1.6698390778851488	0.6242902440056434
0	12853	2.196927396878081	-0.1162113973333885
0	12854	1.6505495427895596	0.571076441759234
0	12855	1.6568724218871982	0.48422274350016425
0	12856	2.2090050782635386	0.7009820217822943
0	12857	1.8414728690854743	0.6042710597968571
0	12858	1.911930708032053	0.7211723811145855
0	12859	1.9302326657544804	0.0343499510150855
0	12860	1.5763984037733278	0.4502447531232732
0	12861	1.6097548430091213	0.421544893518368
0	12862	1.6085471730648602	0.43774424431017467
0	12863	2.3512460180687165	0.06410964320557459
0	12864	1.6584565589284443	0.7787384376937708
0	12865	1.8468193425859416	-0.05318394248499245
0	12866	1.5133544122125238	0.5145938616542439
0	12867	2.073228861550624	0.5655461384186004
0	12868	1.7682245512141181	0.16756859751416592
0	12869	2.153348679944253	0.3606175747854408
0	12870	1.8604912893712093	-0.012129988907999982
0	12871	1.9657892494743718	-0.025855251160585863
0	12872	2.031500767377939	0.6940179355393011
0	12873	1.9484295109594072	0.832421992208059
0	12874	1.6131060554084597	0.7889373172871573
0	12875	1.8127814171050631	0.08169063850308139
0	12876	1.8134366072484207	-0.015285542402845173
0	12877	2.153078632338454	0.3245161732383244
0	12878	1.8830829826688418	0.7755279939409464
0	12879	1.5130378269082998	-0.05366074483843142
0	12880	1.5196234936259772	-0.07776556640690283
0	12881	1.534676735212184	-0.0592955589893174
0	12882	1.5115354510315309	-0.07171883899732359
0	12883	1.5251881579123319	-0.0684313863244465
0	12884	1.535034203309424	-0.07017342957878832
0	12885	1.5160608587184516	-0.06429317115145948
0	12886	1.5294908353323935	-0.07860861611430514
0	12887	1.8568151033143856	-0.14387693391413764
0	12888	1.840840578277494	-0.1643221342276034
0	12889	1.8487064813310536	-0.14982793656756416
0	12890	1.9321524449942113	-0.053261879355789604
0	12891	1.9437696631257806	-0.058203015282848616
0	12892	1.9315735153923643	-0.04184369072153959
0	12893	1.9168918452640773	0.6427444176248758
0	12894	1.744304992762122	0.10637572269980755
0	12895	1.6189395049823054	0.4759942327291176
0	12896	1.7477698685671563	0.11709840537961827
0	12897	1.7744852451511746	0.10327166425059109
0	12898	1.78524843675361	0.10161823656318145
0	12899	1.7838080887572527	0.09072179065923655
0	12900	1.8823280459853646	0.31789006982316137
0	12901	1.9126390668662716	0.2988663453172458
0	12902	1.681788385486904	-0.023001310903822635
0	12903	1.9421262421948478	0.29321636820209834
0	12904	2.0158445160322604	0.40613977075622515
0	12905	1.9215104389491486	0.3319629870155493
0	12906	1.5723968597114992	0.2644094013530664
0	12907	1.4619481550671802	0.5384245249137551
0	12908	1.5755574089373636	0.23479407407062478
0	12909	2.2515692088945647	0.18241351120048782
0	12910	2.119116347891432	0.08695497364147015
0	12911	2.0066842140618024	0.13204644287343317
0	12912	1.6792861159645869	0.0957322320014966
0	12913	1.912417420891308	-0.16563040978985963
0	12914	1.7100624127704207	0.13932180367283364
0	12915	1.9102249630389339	-0.15441254515519037
0	12916	1.5809512169186994	0.5237915398498447
0	12917	1.6751361324117238	0.5405214004457208
0	12918	1.9605302527566455	0.5184760209317841
0	12919	1.8567475636375768	0.46563643935079846
0	12920	2.090465135022824	-0.05177880529405465
0	12921	1.7031882871304793	0.6604932362919282
0	12922	2.2712086585527778	-0.06688101407818929
0	12923	2.263514944843162	-0.03286390175525277
0	12924	1.743417490236157	0.7399570636066081
0	12925	1.9601420448317197	0.7356295746653414
0	12926	1.749694614425701	0.0651255728497288
0	12927	1.7990922027720766	0.07035233634317281
0	12928	1.7881637817149592	0.05105393905225755
0	12929	1.8260399357593387	0.023163954342561393
0	12930	1.8077006563938076	0.014150550075279503
0	12931	1.8205694722445254	0.012971032984401729
0	12932	1.8151258523785578	0.02153661800507805
0	12933	1.8084806508884228	0.02924976452637861
0	12934	1.8186686899965576	0.03337678184079889
0	12935	1.8073733843639634	-1.8248615405435618e-05
0	12936	1.766502545744619	0.016880614254148153
0	12937	1.7877993336130404	-0.018868818983625274
0	12938	1.7859659926499403	-0.029110680261305855
0	12939	1.7967280060272213	-0.02566034594621977
0	12940	1.7966080698468112	-0.013026558498227286
0	12941	1.7760214722041268	-0.01978980492268171
0	12942	1.7823811042661588	-0.009861551250214394
0	12943	1.9416214703483392	0.7321425044438938
0	12944	1.9034301149583497	0.7295153662877719
0	12945	1.879691119341611	0.423711771370108
0	12946	1.7617234227742502	0.694337889860913
0	12947	2.2123600210653604	0.2254907796932899
0	12948	2.1947435466338203	0.2293038055063862
0	12949	2.346560559583746	0.2794142148478528
0	12950	2.340997649927421	0.311106473700736
0	12951	2.2855739087358375	0.31595109418940737
0	12952	2.1864927237112397	0.31159593441681344
0	12953	2.2342614120846163	0.3548401867050239
0	12954	2.201701518653275	0.31852285066302777
0	12955	1.6216413763982964	-0.017791091135093175
0	12956	2.124007935798669	0.8486040789208333
0	12957	1.787625758842365	0.6482246429867345
0	12958	1.7767758431790237	0.6306033324276581
0	12959	1.5029979691384283	0.35303524241018797
0	12960	1.975363904883969	0.5342983805193617
0	12961	2.271785455512827	0.0006933000861358765
0	12962	1.7291426121813953	0.6576459681657064
0	12963	1.8909413817138354	-0.033783327581307185
0	12964	1.8798284337170525	-0.03945813696110428
0	12965	1.8798513870068927	-0.025495631152970488
0	12966	1.4982503484841556	0.07460382774212285
0	12967	1.5109552988418988	0.0771204194338935
0	12968	2.1594918319940457	0.5951810537738439
0	12969	1.4903909527925938	0.04827861536577555
0	12970	2.3051912066271427	0.26842263845345193
0	12971	2.0437053106733862	-0.06382437718317858
0	12972	2.231898040545804	0.29111686462688185
0	12973	2.3464842784821855	-0.029080547544259008
0	12974	1.4912896671124978	-0.034300316050848385
0	12975	2.174035278001299	-0.12856755522993546
0	12976	2.1843846258503503	-0.11272294442416339
0	12977	1.9539588465765345	0.0824590044753726
0	12978	1.988767807029835	0.08786612096442553
0	12979	1.996206905215636	0.07686975320641265
0	12980	1.9755808061624078	0.06989433687606925
0	12981	1.9785487721336381	0.05713225933044711
0	12982	1.9628555907337117	0.09952458528710821
0	12983	1.9514757942892427	0.102745191257111
0	12984	1.953549007623638	0.09290315517223147
0	12985	1.9682682209652107	0.09091151781928676
0	12986	1.9655239023422586	0.08059897330361519
0	12987	1.9518755736364808	0.0647624730625049
0	12988	1.9443508826392417	0.08098892207945534
0	12989	1.942252479288845	0.0972170641276963
0	12990	1.9591669306623596	0.07126913511548874
0	12991	1.9363422915475705	0.08928741379829268
0	12992	1.942960511705938	0.06911690427338428
0	12993	1.9351138348285655	0.07789345608892581
0	12994	2.0747255164602105	-0.18168602810038445
0	12995	2.094390869565462	0.06232334562934494
0	12996	2.1094404191352885	0.04871702360853684
0	12997	2.0987916857066806	0.05023631645257524
0	12998	2.11720946215917	0.06788503076087074
0	12999	2.1173966900455476	0.055903997093005614
0	13000	1.989544423552777	0.6166268829752144
0	13001	1.6904081415419967	0.041336053556693696
0	13002	1.8480487352232517	0.17036806964182058
0	13003	1.5374222503291533	0.4517280497183104
0	13004	1.540843143421278	0.43066662207752066
0	13005	1.7645036850457265	0.7198868930900297
0	13006	1.7731148098255418	0.6988808943643848
0	13007	1.7867929642621028	0.7011682462838903
0	13008	1.7786363539499264	0.6858485530580848
0	13009	1.7527848369557426	0.7075768932295246
0	13010	1.8915328408936591	0.34585833652407627
0	13011	1.9404887008479355	-0.11491287906497967
0	13012	1.4088242251092515	0.541570945937958
0	13013	1.3748323211969322	0.5488456335870189
0	13014	1.385894926102294	0.5568186976932669
0	13015	1.3800916889547026	0.5344618616083825
0	13016	1.3891444399640493	0.5445738856095841
0	13017	1.410405013568745	0.5583205195913649
0	13018	1.4060658133866542	0.571052511120636
0	13019	1.4209632393181684	0.5663486773882739
0	13020	1.9625628078062638	0.6231579981894855
0	13021	1.534632600635829	0.5016918068141234
0	13022	2.0133705964540956	0.16354636994757632
0	13023	1.540171551622047	0.5264299104862193
0	13024	1.9926637016576665	0.17699373603860052
0	13025	2.0600539940251608	0.508613723652872
0	13026	1.3889904199189889	0.12834869916785882
0	13027	2.060928732834996	0.036470855317097574
0	13028	2.173873946558398	0.4057354801211763
0	13029	2.023719125110703	0.3784332013106961
0	13030	2.269511424090892	0.2854421578680644
0	13031	1.9065173186106457	0.3805854016512538
0	13032	1.7326322012421578	0.689247354238579
0	13033	2.233453218139114	0.3052839881640848
0	13034	1.4774792386632216	0.04528152310553448
0	13035	1.498217776967678	0.05279140712113789
0	13036	1.5753543982422593	-0.04805257102514972
0	13037	1.551808870634887	-0.05713566154939194
0	13038	1.5615575266058683	-0.06012806956798567
0	13039	2.166592121970578	0.4782667686331648
0	13040	2.188934802699409	0.48320984723106225
0	13041	1.5785215784140576	0.022124167367036304
0	13042	2.3143646221363467	-0.01330474222996232
0	13043	2.307213234308129	-0.02454020644475708
0	13044	1.573746164357905	-0.06808924860084008
0	13045	2.202750566146198	0.30744169445133906
0	13046	1.5404065328632894	0.060314373061470285
0	13047	1.5294689535804995	0.05542220167397733
0	13048	2.245348995374419	0.355579831181069
0	13049	1.5198762626568236	-0.004392411565647222
0	13050	1.5230510879372559	-0.027655351273763194
0	13051	1.5189592758212398	-0.016362419747174155
0	13052	1.5304268354345003	-0.007914209298091278
0	13053	2.2099539185175887	0.32561448158302553
0	13054	2.1692835995342077	0.4236302419022329
0	13055	2.260053032071808	0.2897598980941229
0	13056	1.584791734315087	0.039304490552643415
0	13057	2.253042305400861	0.26083352536972443
0	13058	1.6148917748873208	0.062108285843857976
0	13059	1.5897055364841268	0.053819612295185476
0	13060	2.2342150950637047	0.26222967398213676
0	13061	1.6430885791591059	0.0184699650981703
0	13062	1.6411496104085628	0.03819459438814012
0	13063	1.6469633865871065	0.028576632860374557
0	13064	1.610381172402683	0.038265415782298834
0	13065	2.3009657328787245	0.28449486138999647
0	13066	1.6420941394692414	-0.00012917933777979482
0	13067	1.6091261051128618	0.022521501329218995
0	13068	2.294582635590511	0.29466507815601284
0	13069	1.6007613360131567	0.0370381835449267
0	13070	1.4933848702962478	-0.022386472098471694
0	13071	1.5063903959589775	-0.023192484734117152
0	13072	2.1267512022063007	0.4429838979594316
0	13073	1.5563235541266063	-0.0434647505540626
0	13074	2.1655433794113073	0.3816001793533719
0	13075	2.1764728062260636	0.3957740178244865
0	13076	2.252320682262888	0.3101942807823839
0	13077	2.3334854914264413	0.026632279953156025
0	13078	1.5696806783210047	-0.006799136623372688
0	13079	1.5447838719627214	-0.043296125827117456
0	13080	2.237404338155823	0.321435598186538
0	13081	1.5550861605781872	0.04334838619693331
0	13082	2.1627037776799845	0.3999990465808022
0	13083	1.5492701246220688	0.07107117931446542
0	13084	1.6060513132304595	0.011572870871296475
0	13085	1.577420703616914	0.01166046090745683
0	13086	2.2757019408980943	0.3425387199255191
0	13087	1.6059177838259973	-0.010245908365019072
0	13088	2.2262920653645675	0.3149424402628077
0	13089	1.6573169331939377	0.7685095027494294
0	13090	2.1434588926652958	0.43498237548977986
0	13091	2.121179217049756	0.43355577961229025
0	13092	1.55362811140752	0.004050918258033416
0	13093	1.5773175583167542	0.002611861093064625
0	13094	1.5511865787075116	0.01529167209751187
0	13095	1.562417244297973	0.01596819714452232
0	13096	1.5781048195965097	-0.005358855964314093
0	13097	2.144653149416064	0.4587915518495847
0	13098	2.133669386714326	0.42585867681757555
0	13099	2.123533411250228	0.45399824528084104
0	13100	2.244422198880236	0.19422366597995575
0	13101	2.2851088166563485	0.22314135092630558
0	13102	2.254157323864138	0.22358560828408916
0	13103	2.248510008210464	0.25195185443168955
0	13104	2.189854666299831	0.3914803176590822
0	13105	2.2096106650010587	0.4116227558349771
0	13106	1.5338451913963254	0.07093445665415433
0	13107	2.241920015169823	0.331819266461428
0	13108	1.4998147182135328	0.02207149347362606
0	13109	1.489538949718093	0.006946850214405431
0	13110	1.5005207959135047	0.010173198784724788
0	13111	2.20790099261315	0.37550575250862905
0	13112	1.597505217592122	0.019223413434068796
0	13113	1.6474378689037192	-0.05334570475069878
0	13114	1.6407826113442543	-0.06142240718713983
0	13115	1.6125288652939522	-0.01807719579500725
0	13116	1.5422099316474414	-0.03056293847571183
0	13117	1.7182071480050585	0.6720952424917548
0	13118	2.2289854461892955	0.32586755042600773
0	13119	2.2182225575752903	0.40556529313881823
0	13120	2.206369354950143	0.49486426571056963
0	13121	2.1910018415372248	0.45235321626160996
0	13122	2.2224335064543017	0.33708297885426675
0	13123	1.5649900701459012	-0.044425011696179094
0	13124	2.1730675298552935	0.5460657249069808
0	13125	1.5196538788424054	0.050672198664908887
0	13126	2.1773676762049896	0.4801731189328157
0	13127	2.1936985274678533	0.5084349905253909
0	13128	2.251306703862568	0.31991413037384475
0	13129	2.2144950647168042	0.29527695946461496
0	13130	2.1560688036670905	0.3490285052357187
0	13131	1.5567561431168646	-0.02809946678254035
0	13132	1.5886941052661976	0.07221237669106235
0	13133	1.6399678146758236	-0.013097153975155625
0	13134	1.6045716765464035	0.07378072619931896
0	13135	1.4892718817435229	0.017170201676844465
0	13136	1.5610302858564826	-0.018073718314221457
0	13137	1.5889401226893949	0.025405346399765792
0	13138	1.578117988870645	-0.025197235357613746
0	13139	1.5702739159351606	-0.020260758459179358
0	13140	1.4795725614014261	0.018366371976502247
0	13141	1.604624244325281	0.0022510887341316227
0	13142	1.559195318131273	-0.007892845609396024
0	13143	1.6070979186428827	0.05411978267913183
0	13144	2.323039034711292	-0.11028746054444362
0	13145	1.625618262299093	-0.03024610394511822
0	13146	2.2288294932698096	0.19543743835655097
0	13147	2.2242282093951617	0.16960319361328138
0	13148	2.2076452952120333	0.1631595619307553
0	13149	2.229318477993583	0.1848652200918939
0	13150	2.221370705036596	0.1581659173175327
0	13151	2.1675198457674023	0.7880432335066886
0	13152	1.9448624627730693	-0.24431308475806157
0	13153	2.017304439316841	0.4992670691353241
0	13154	1.957611057312384	0.5311722514043219
0	13155	1.9970934216460812	0.5059132428027581
0	13156	2.0227794287662912	0.5124744563082528
0	13157	1.6927841187789066	0.8200676233967302
0	13158	1.6119764141239732	-0.06933271032052964
0	13159	1.4529122116646283	-0.0007576404519361617
0	13160	1.871397453806673	0.7752115009541864
0	13161	1.680442518388634	0.8010398268106192
0	13162	1.8598493705373633	0.8013509886076281
0	13163	1.7009999397597415	0.48172136039731694
0	13164	1.69998565813082	0.4719358559223659
0	13165	1.6882054862688503	0.4741224944905703
0	13166	2.271611453940736	0.27258218754718194
0	13167	1.8774892833807595	0.6477873374734863
0	13168	1.5048368000718317	0.6579684062486308
0	13169	1.8866292538358693	0.08214202376487288
0	13170	1.9260257469269981	0.47378445385967244
0	13171	1.996221963585372	0.7750984272528674
0	13172	1.9391362541548043	-0.25917493442646555
0	13173	1.4940112693493677	0.4436397483380753
0	13174	1.521889071703106	0.4696078099485619
0	13175	1.6131004242873777	-0.046258594409997716
0	13176	1.4691513698081191	-0.008556695670544798
0	13177	1.6743031869345868	-0.03920564729714047
0	13178	1.69113480364826	-0.03378092561098964
0	13179	1.6940300285508778	-0.052510140650801326
0	13180	2.005500174175287	-0.038663333438666285
0	13181	2.003438030865549	0.7565669542045462
0	13182	1.9575649636464663	0.1461105068890828
0	13183	2.167925830604728	0.0003938847625440885
0	13184	1.6673831934365921	0.12215697675059255
0	13185	1.654073222044006	0.1281761492311405
0	13186	1.7298671710209128	0.5228032439998292
0	13187	1.7509183002674436	0.5003409198817497
0	13188	1.7415381005170605	0.5034129507976333
0	13189	1.7548069562315582	0.5193058150736153
0	13190	1.6839536173339715	0.3586675286242311
0	13191	1.7095273421510435	0.34168669210573765
0	13192	1.987155227728622	0.7463440201626016
0	13193	2.0688122475601567	0.04606925944427429
0	13194	1.7379341584487311	0.5289092325759832
0	13195	1.569002136548122	0.5845948419139337
0	13196	1.5758837957446319	0.5937222691321198
0	13197	1.5930085477845994	0.5810187601632469
0	13198	1.5663161046715783	0.5949594221795661
0	13199	1.6531380550940582	0.4256005894015382
0	13200	1.7448473826982849	0.5164849459681973
0	13201	1.7165681314796744	0.3468043497541293
0	13202	1.7172921810998858	0.3651344492974554
0	13203	1.6925292694170535	0.3378707990115774
0	13204	1.6906288255316255	0.3482250093069233
0	13205	1.7009560263314245	0.3456590355551731
0	13206	1.641016612480416	0.37511515364533604
0	13207	1.6644171163216708	0.37653640359907575
0	13208	1.6589933924953362	0.38596709422560926
0	13209	1.6484516784591976	0.3645029350262511
0	13210	1.6411551306460392	0.3546297708990491
0	13211	1.65034626085122	0.3541470571901276
0	13212	1.7014641743299384	0.33654622641707593
0	13213	1.7548061397986658	0.5094173034164922
0	13214	2.040722694928025	0.04983468782090031
0	13215	1.9645747959973012	0.027694042746184207
0	13216	1.732279865014147	0.39503297620549965
0	13217	1.7445229481386164	0.39340102823255
0	13218	1.747865553114423	0.3828338602120597
0	13219	1.7378864409000028	0.37874072830937466
0	13220	1.9719086658234566	0.0005384806247406754
0	13221	2.0605958896814105	0.04963412322843193
0	13222	2.0281690349388546	0.051783447375528445
0	13223	2.0496416566882454	0.03901723204499839
0	13224	1.747661514097845	0.5273846055311685
0	13225	2.0075985471520643	0.062252586499074884
0	13226	1.5847031747858462	0.5733014407704218
0	13227	2.0501689732606665	0.050984305898481116
0	13228	1.7231242608294939	0.5037264800900451
0	13229	1.8332886962861432	0.5544006542758705
0	13230	1.9858219793789773	-0.058485291592795495
0	13231	1.9796737954732477	-0.0821654387962592
0	13232	1.9681432144098125	-0.07821225262450196
0	13233	2.266638052354184	0.059217321615814174
0	13234	1.4026556792783358	0.13318842903288583
0	13235	1.4167562316121076	0.14563686905845397
0	13236	2.1365310329274347	0.11126210290188095
0	13237	2.1506872093958163	0.3046927060114888
0	13238	2.280118040764667	-0.11216849013198917
0	13239	2.13050639642933	0.8054476483100581
0	13240	2.1294962640481367	0.6861762520323528
0	13241	2.124900753559471	0.6754188016907577
0	13242	2.1353554632968583	0.6952881546358806
0	13243	2.131446776532856	0.669505939910394
0	13244	2.171825667695852	0.5628532176658261
0	13245	2.1843290986031767	0.5556822173713744
0	13246	1.5078604759587755	0.0280446365960639
0	13247	1.4941022631750576	0.03579119996308546
0	13248	1.5411926967180996	0.03416273343767733
0	13249	1.5315515415695071	0.032194715825715266
0	13250	2.193006507599105	0.5214756793004753
0	13251	2.2047976937878775	0.5233392410552417
0	13252	2.203431012733596	0.5033993103400416
0	13253	2.207479700988109	0.5134338957621201
0	13254	2.197322399428463	0.5301590506972126
0	13255	1.6055728176465982	0.2722048020583093
0	13256	2.23185969128941	0.04773242255669852
0	13257	2.2340115957861464	0.057083970904471044
0	13258	2.224032084513435	0.04042037125246882
0	13259	1.6236346790925957	0.27238334910612916
0	13260	2.232821673589773	0.03510160414162718
0	13261	2.322625596320998	-0.051935560144835906
0	13262	2.244430042531703	0.45188095432832304
0	13263	2.254816530369503	0.46594938452645
0	13264	2.2562882997540923	0.445047964934781
0	13265	2.2423930888475145	0.4652426287025872
0	13266	2.315956967612286	-0.04221418208916856
0	13267	2.3047997134313802	-0.047490627631611854
0	13268	2.104983914997292	0.6911147632840221
0	13269	2.0932656309969775	0.7104128656428755
0	13270	2.0946277627822805	0.6714482126785823
0	13271	2.1050496668829495	0.708463725401793
0	13272	2.1074472795696026	0.6772691831379261
0	13273	2.093843648070987	0.7223436500023352
0	13274	2.114393900278852	0.7138781896193584
0	13275	2.0825551590256213	0.658751223199971
0	13276	2.0936735726298075	0.6588997852229488
0	13277	2.0807980670590576	0.6697049660909402
0	13278	2.1056942159884433	0.7237014410616177
0	13279	1.6023887526941034	0.2623947471127764
0	13280	2.25101040930336	-0.10009655202883812
0	13281	2.2388879036623988	-0.10061741701374832
0	13282	2.288031975883816	0.02185189331737644
0	13283	2.25637214256484	-0.08852770174261813
0	13284	2.2752179314650287	0.05637629341253009
0	13285	2.2366687925411397	0.07393761375195189
0	13286	2.219340853757813	0.4455384363648695
0	13287	2.251681675219718	0.07453740725390925
0	13288	2.2357906752356906	0.08431575075870758
0	13289	2.250102370157386	0.15803850785523
0	13290	1.9247085627001546	0.45958352956237175
0	13291	1.924812178734183	0.13229762538200152
0	13292	1.912539023293964	0.12934042278460656
0	13293	1.9302609881745865	0.14208417499689296
0	13294	1.906175224745408	0.1522406772862547
0	13295	1.8231367857989156	0.5041026714032271
0	13296	2.0689849964777323	0.5750375667188732
0	13297	1.9023655040235887	0.13979461096229545
0	13298	1.9131396425722018	0.13881626101178643
0	13299	1.9177216262146695	0.14779746839796357
0	13300	1.6425320614207706	0.1055521337396253
0	13301	1.6520283578957347	0.063765759429084
0	13302	1.92676424106997	0.8172800136928251
0	13303	1.938128550684668	0.8125029890192746
0	13304	1.9083424312472022	0.8067705162753803
0	13305	1.9225295157198659	0.7824542752454472
0	13306	2.222582794915215	-0.10756804357785156
0	13307	2.0437855486849683	-0.022513132608082468
0	13308	1.9555319656537284	-0.15559907180742483
0	13309	1.5109667015830586	0.5355268159635999
0	13310	2.1694764521718364	-0.03756399267994674
0	13311	1.7774057419219818	-0.188400582906524
0	13312	2.1575448350168043	-0.04964740823963074
0	13313	2.166788139036144	-0.051435664715797386
0	13314	2.165354731424379	-0.061730399748065067
0	13315	1.9881749696866837	-0.012306350962222847
0	13316	1.4402862799398048	0.5421831234137647
0	13317	1.5907531991560766	0.4473737746874008
0	13318	1.4222989449710908	0.5163701229407882
0	13319	1.422683432149572	0.530840751820116
0	13320	1.9854149302105026	0.653537341009735
0	13321	1.7323364480646284	0.06247699414493214
0	13322	1.568048013164781	0.4941970965012781
0	13323	2.0408529712979244	0.4041900248357162
0	13324	2.030193912614747	0.3680874449644841
0	13325	1.5258736312001426	0.5149558797665189
0	13326	1.9629350796945269	0.3786859785303146
0	13327	1.8801296515550316	0.4014790991359822
0	13328	1.66944865559685	-0.02073569950925827
0	13329	1.677762658824514	-0.012065748042625061
0	13330	2.2626805156310037	0.0212363772308592
0	13331	2.2466411299388858	0.021105292919653774
0	13332	2.247244252058986	0.043999044791432906
0	13333	2.245167493436239	0.029633952150230996
0	13334	2.256766281780847	0.02616372726901229
0	13335	2.2623152556483546	0.009774123778032598
0	13336	2.2695376714865647	0.011364906840895642
0	13337	2.256246669479499	0.036293650088443485
0	13338	2.2465262518791067	0.03708707025275399
0	13339	2.2481701643460514	0.0035187728846139393
0	13340	1.716240085815381	-0.018642132424264556
0	13341	1.7291029879044213	0.0024233570109344037
0	13342	1.7157399721052058	-0.027851905961882722
0	13343	1.7340675295243626	-0.009717191906148375
0	13344	1.7233992713249076	-0.005160620148422796
0	13345	1.7265661095704383	-0.024149772732245917
0	13346	1.7261324328910206	-0.015122474179865193
0	13347	1.706521370551322	-0.016124608725625208
0	13348	2.2349005399652206	-0.0009063030292750882
0	13349	2.0255375810219127	0.22799288039320445
0	13350	2.0373666439346914	0.2243272307113141
0	13351	1.9396789200187994	0.4322748172767161
0	13352	2.117983336507409	0.7938712635159603
0	13353	1.9967321711121504	0.6961199236692488
0	13354	1.9984296272657853	0.708840142346592
0	13355	1.809542999668622	0.07294791537873571
0	13356	1.8222032074617405	-0.008976288419845387
0	13357	1.6349477579983067	0.09585073141242298
0	13358	1.8662850802890063	-0.09752834966824388
0	13359	1.894678342186836	0.6318028408289109
0	13360	2.1560766317766515	0.6780565165983095
0	13361	2.1611795444547095	0.6437680934637631
0	13362	2.1658503377681453	0.6878033717238975
0	13363	2.1155838300770884	0.6849070928254828
0	13364	2.1523383201485724	0.6602603518638002
0	13365	2.002650622893268	0.4399488894261567
0	13366	1.8901372237146927	0.6458875059380237
0	13367	2.1666886206650644	0.6060091669387326
0	13368	1.6042243347525258	0.7312991123957133
0	13369	2.1991734673717307	0.6442229725999553
0	13370	2.193446792569337	0.6743648630401633
0	13371	2.129759254284534	0.6418537841915964
0	13372	2.1456677490433864	0.7696904668363065
0	13373	2.140128581811155	0.6790704547470647
0	13374	1.6267477115979683	0.7092644544842089
0	13375	1.6238445265287431	0.6938967631909657
0	13376	1.6622352968817027	0.7586434767809719
0	13377	1.6269833807653993	0.7536640433966313
0	13378	1.636289367968981	0.7610852365302485
0	13379	1.6225539232108166	0.7201341776356425
0	13380	2.231857838689063	0.018732597119394893
0	13381	1.9127852493895117	0.5156918755093073
0	13382	2.0341351933501044	-0.05750116518782608
0	13383	2.1117413037034933	-0.06369410521876048
0	13384	1.7740749995302882	-0.03929733095970595
0	13385	1.7809176637906656	0.02962837780099574
0	13386	1.7982224359035979	0.039281557921649744
0	13387	1.8213963940886886	0.049363603200279396
0	13388	1.774380274745471	-0.05703388859789507
0	13389	1.7947131306636976	0.09986947230223492
0	13390	1.964860372115317	-0.1534838285878748
0	13391	1.942498154919182	-0.16206816737470045
0	13392	1.9575138636646674	-0.1417432492149367
0	13393	1.9543167656577134	-0.16672111014328
0	13394	1.9463871752055433	-0.15007558111929942
0	13395	2.100829383298033	0.10172760328157365
0	13396	2.271233913802199	-0.12373707922306004
0	13397	1.9856760572962995	0.19520970293920148
0	13398	1.9468053866751094	0.19364561789552853
0	13399	1.6953605862783216	0.5654670499943192
0	13400	1.8064960859081258	0.14213428407032086
0	13401	1.7903010963155763	0.5756677934172336
0	13402	1.798499588500004	0.5389161831406133
0	13403	1.789111928958399	0.5639474968578316
0	13404	1.7957535837650287	0.5535910784381947
0	13405	1.451558394961764	0.48166301537362316
0	13406	1.7515329310686503	0.15934395178779043
0	13407	1.9692917036317363	0.525718428451613
0	13408	2.1200900812159147	0.1606740341175821
0	13409	2.126398498008758	0.17649525446298295
0	13410	2.0055976938709037	0.555430648643068
0	13411	1.9542335639034818	-0.02324435407579146
0	13412	1.9320264117089965	0.560787378401658
0	13413	2.0053188499085786	0.5182013534935539
0	13414	2.0002847593861914	0.5731921539356885
0	13415	2.0085275853852202	0.5660753330221728
0	13416	1.9888790508857235	0.5739345742143921
0	13417	1.936414464704635	0.521436432526756
0	13418	1.7867112663391074	0.5436910268170612
0	13419	1.8080437519862047	0.5457991611770362
0	13420	1.9929654886361288	0.5591822087599359
0	13421	2.0442363870061224	0.08660342267465036
0	13422	1.6390109711997392	0.4382011398125931
0	13423	1.6348660831682174	0.44668757602663833
0	13424	1.6450006331918927	0.4543743357037494
0	13425	1.8611632156959088	0.6012086523985253
0	13426	1.583387830747601	-0.064168630368254
0	13427	1.548990090133519	0.5056587086886876
0	13428	1.9457523421328342	0.2805604622748953
0	13429	1.8997954563565207	0.4186112749084219
0	13430	2.0227257090685273	0.4862077000724874
0	13431	1.5583572897043878	0.44389131168133034
0	13432	2.0401278899625943	0.02300337539790901
0	13433	1.6186755709741394	0.24182726980599717
0	13434	2.02230889578636	0.01011557399447809
0	13435	1.5079581449635404	0.5513132874515996
0	13436	1.89479277026786	0.6753874426424751
0	13437	1.9565514739301197	0.7504254090727597
0	13438	1.9897625616157697	0.22149294238956646
0	13439	1.6991712177985763	0.1245534676466477
0	13440	1.7825087160444744	0.12844826526925107
0	13441	1.8948032368717276	0.27578166754318933
0	13442	2.0157683740125285	0.7427171659896147
0	13443	1.6893876466671953	0.02763997502045564
0	13444	1.6992486523255101	0.023141290754140273
0	13445	1.6885685790127476	0.015145802202467766
0	13446	1.4577573148785512	0.4724171327254114
0	13447	1.537392505427227	0.47298898533616557
0	13448	1.642324126851171	0.42672870249220884
0	13449	2.1833794015776067	0.27146536327888976
0	13450	2.196940492482215	0.2811118141413854
0	13451	2.204981105954352	0.27418664794472775
0	13452	2.203260261374989	0.2624652568102582
0	13453	2.191650015662235	0.2622525421026104
0	13454	1.8929015632662218	0.5127300687906664
0	13455	1.8700031316263555	0.5087201012317681
0	13456	1.8652444627930687	0.5181963637931963
0	13457	1.4684819906873228	0.363157587683128
0	13458	1.5301216705168974	0.3728486909537234
0	13459	1.530037949646984	0.35224269147879533
0	13460	1.9235857507006524	0.5524004430640705
0	13461	2.0960171693182796	0.5772088828535856
0	13462	2.102046672205099	0.0876011576527275
0	13463	1.710509783846974	0.0727297445724765
0	13464	1.7083246838679573	0.11195504731300455
0	13465	1.7454104245221622	0.18293441520259854
0	13466	1.762848750552607	0.12265614173008844
0	13467	1.7533404263140415	0.19244816196463435
0	13468	1.76360181397405	-0.03592835936954707
0	13469	1.7856989610005558	0.040781013763248074
0	13470	1.7705631703545688	0.1562306108236031
0	13471	1.432704492555576	0.534621326164827
0	13472	1.4852192889721803	0.5230139493475157
0	13473	1.4666547178102334	0.5127061281608415
0	13474	1.4649061130229555	0.502005280476711
0	13475	1.4737093156554975	0.525302794740417
0	13476	1.496709700773148	0.5097986729265981
0	13477	1.6916099386189825	0.42563838332559856
0	13478	1.4824358455349744	0.5466387354802277
0	13479	1.5402416997729416	0.6439729069463481
0	13480	1.9344976641267362	0.16301879085636156
0	13481	1.7441512138622968	0.07620427082754745
0	13482	1.7465428721680132	0.086520622906653
0	13483	1.7227998020017277	0.07416500992993799
0	13484	1.959076040503182	0.41722394642815347
0	13485	2.162639267554592	0.33769152806167135
0	13486	2.1391421077837056	0.3061914486485051
0	13487	1.605122038395719	0.11745842569987053
0	13488	2.1108111402359357	0.2812164651662107
0	13489	2.1148963096979307	0.27205573106258313
0	13490	1.6596497154088772	0.4524514791699904
0	13491	1.6612624987390707	0.4346187282329989
0	13492	1.5504430994521994	-0.03579564369321436
0	13493	1.9102416521680183	0.24571764860739131
0	13494	1.5425112572328985	0.6550888056877078
0	13495	2.1668505479377824	0.6576011572442182
0	13496	1.6242385295584187	0.7862758075567396
0	13497	2.214614119307965	-0.12161921162644287
0	13498	1.9839258218476408	0.5532490098333378
0	13499	1.9699944109100025	0.5688960281478393
0	13500	1.9736460025797522	0.557721443362715
0	13501	1.611162190576386	0.7659416545518485
0	13502	2.2765225742452846	0.08573962546253898
0	13503	1.4637340422277274	0.07183561765691486
0	13504	1.720604949761805	0.4894387992367691
0	13505	1.7352659433527688	0.48152608714419004
0	13506	2.3227564976559054	0.291419055002014
0	13507	1.4455709985192684	0.047123631766466105
0	13508	1.9710705791201195	0.32046823986995343
0	13509	1.774138520365312	0.18707050875195708
0	13510	1.4429597035148318	0.05656013596132351
0	13511	1.4676657180691146	-0.07236412174360489
0	13512	1.4710344960322408	0.0631453522596547
0	13513	1.5821256502676155	0.5052915864355585
0	13514	1.4927042569768847	-0.05182414132062109
0	13515	1.4614081233376643	-0.06567168571769137
0	13516	1.4698695977935308	-0.0402505213472218
0	13517	1.4486625219508114	0.06387125344977669
0	13518	1.773232477959845	0.6011850818933945
0	13519	1.8024095926690586	0.628518103748915
0	13520	1.8331259170133962	0.6334525108129324
0	13521	1.8445310275919913	0.645005958744286
0	13522	1.8499704693719987	0.6296802219116485
0	13523	1.7753870754780612	0.5871441119631708
0	13524	1.7722640355560249	0.5737912309561457
0	13525	1.762916609389918	0.5840082246771733
0	13526	1.8078885754803427	0.5951045228569785
0	13527	1.82934238585707	0.60136645955289
0	13528	2.1923963172803353	0.43312123827035637
0	13529	1.484442342300813	-0.07564239674185871
0	13530	1.6828088614615428	0.4633249928970757
0	13531	1.6860401568340022	0.49742002911273453
0	13532	2.1130487213360283	0.39726290018845595
0	13533	2.195516463931195	0.15550603499047377
0	13534	1.8817430854442738	0.6608869791713152
0	13535	1.8796325664977664	0.680880569661281
0	13536	1.889798911191103	0.687279086582907
0	13537	2.2727295264060583	0.4414160033716474
0	13538	2.2787662408614895	0.42969664134849656
0	13539	2.308439687732795	0.46480149874222576
0	13540	2.2989868141682503	0.4451887322001705
0	13541	2.2924511287816736	0.4596517501042968
0	13542	1.479558562138952	-0.06646919225738095
0	13543	2.0560587353189024	0.3202340722987634
0	13544	1.4922042990002213	-0.07009134190238703
0	13545	1.4673966134897365	-0.05239374590059345
0	13546	1.8264641110785587	0.667669501040183
0	13547	1.8101795361674005	0.6831110598214386
0	13548	1.8047568292539744	0.6525366532707318
0	13549	1.8145315203893257	0.6640094224049712
0	13550	1.8020523787281821	0.6723548024101769
0	13551	1.458157477733972	-0.05660846342224834
0	13552	1.818319794410563	0.6497441879704148
0	13553	1.4751936824057412	-0.07653687920657477
0	13554	1.4815530265152137	-0.042918395243492155
0	13555	1.6317569625489585	-0.009147034200281968
0	13556	2.0327349749064827	-0.07797949190805353
0	13557	1.8069301155981474	0.5789838904677936
0	13558	1.8261782567958516	0.5675445058485828
0	13559	1.8175449366195713	0.5887120932454014
0	13560	1.8167370918042371	0.5759133134915801
0	13561	1.8298936279387874	0.5781604034520076
0	13562	2.1570339519491117	0.7917557191016842
0	13563	1.4895163087220358	-0.06146731477296252
0	13564	1.4598443648828543	-0.04596870101959867
0	13565	2.0953923303707347	0.13262944857573294
0	13566	1.7650232484185142	0.18421712888509686
0	13567	1.7643403766903094	0.19534812357215486
