layer_hash	node_id_hash	x	y
5	2534493	2.0565065746106415	3.8579266117032374
5	2535214	1.9458841374138838	3.8907799044168923
5	2534460	2.005033258576574	3.8277760592143144
5	2534824	1.983979272985142	3.842596413051038
5	2534519	1.9676182664350526	3.847992531829715
5	1317970	1.9709905211246486	3.8347030631393717
5	2534381	1.9613055821188197	3.824074766770153
5	1317828	1.9752259412635014	3.8524652207275993
5	2534961	1.9583955971329963	3.928087596360209
5	1318092	1.9419231981449563	3.7871379345379736
5	2534520	1.9542709592469079	3.8676841602339675
5	1317926	1.9631636476950902	3.835741035600144
5	2534598	1.9982840965292488	3.829717978468641
5	2535054	1.9555081718066876	3.945668218910768
5	2534907	2.0093282327159865	3.8192843581106333
5	2534707	1.9792837550911901	3.834470301787622
5	2534543	1.9778329515953679	3.832834861718221
5	2534485	2.0058751265248613	3.846335908085727
5	2534593	1.9703592504054313	3.833166774380665
5	1317900	1.9668626658219999	3.8302281869973203
5	2534962	1.9641329187968062	3.902912922834887
5	2534168	1.9702379489201558	3.872414047764144
5	1318089	2.010676709457624	3.8574541474517074
5	2534259	1.9559448497425915	3.861993253145951
5	2534169	1.9790075275509136	3.893647071566811
5	2534382	1.968402432442751	3.8227233982278976
5	2534673	1.979817729021389	3.8411241806026375
5	2535206	1.9917579252977595	3.9378051328850048
5	2535036	1.9910087861092371	3.868333963850255
5	2534770	1.9329265455265383	3.809924648462951
5	2534330	1.9603614900346693	3.8671025341112135
5	2534747	1.976909187280581	3.830959508600532
5	2535223	1.9067736189273372	3.7554111520764732
5	2534691	1.9740363867780648	3.877090236771883
5	2534825	1.9816306259315735	3.842583958918843
5	2534963	1.951681856600901	3.9298956122431443
5	2535088	2.022632858304381	3.810436546257343
5	1317825	1.978483199126452	3.915783652759675
5	2534295	2.0148553109627216	3.827584647681306
5	2534658	1.9687910103613233	3.824420305061745
5	1317975	2.0067490614659005	3.7670379018633597
5	2535042	1.9861893868235014	3.851450647427415
5	2534649	1.9933605174832782	3.828928540288824
5	2534588	1.976595341287122	3.838049543724591
5	2534999	1.9343282628999705	3.7948482312004175
5	2534909	2.0017152320128355	3.8119254140703114
5	1317866	1.980936321385064	3.8175490967175243
5	2534521	1.972385921340421	3.84780211260404
5	2535202	1.9762315579771095	3.889660506329651
5	2535081	1.9459191447340587	3.931865650132858
5	1317869	1.9587182669224292	3.841717991714965
5	2534891	1.970265641541697	3.8423354623589523
5	2535077	1.9353116029333157	3.941144199885814
5	2534589	1.9812587846524228	3.8299371437380847
5	2534708	1.977475308841994	3.8234272722493503
5	2534900	2.0039724277415343	3.8187730633704717
5	2535055	1.9582313802759794	3.9438854947626383
5	1318030	1.9983360121957447	3.833111889472921
5	2534522	1.9560864248382057	3.8686562441885126
5	1318072	1.964670674554155	3.8024501253983085
5	1317897	1.9665532077930614	3.8356897369912146
5	2534505	1.9847173926632253	3.906628427555904
5	1318125	1.9758246409648237	3.814797573056577
5	1318141	1.9539236658215895	3.7967285244184317
5	2535037	1.987499174163296	3.8669226377748536
5	2534674	1.9827284461256467	3.8522541674014663
5	2534486	1.980722307964881	3.86423782076607
5	2534915	1.9866504527735358	3.815104732087018
5	2535056	1.9602411900782526	3.9442618677200696
5	2534890	1.9704029419611027	3.840131881924671
5	2535226	1.8767133432303402	3.876685435968084
5	2535145	1.882263153494234	3.8978347770778736
5	2534558	1.9843414378505508	3.8471888929830707
5	2534383	1.9727871744012517	3.81546820051638
5	2534787	1.9386236069388427	3.837864933841141
5	2534523	1.9516132631637495	3.86473935653219
5	1317963	2.010738050685649	3.8080116378408015
5	2534141	1.9872746637077119	3.8358285455426517
5	2535210	2.0305693700533984	3.8420969554210913
5	2534384	1.957130569143862	3.808436092399264
5	2534501	2.0184099038126435	3.88197891596393
5	2534994	2.0224387105847983	3.815665626577257
5	1317817	1.999490622353776	3.8813760180741506
5	2534847	2.076941779256282	3.846304146303411
5	2534796	1.9891686778172777	3.8721467789832356
5	2534385	1.967915757888512	3.8241531794182944
5	2534260	1.9679931896494374	3.8516319007940347
5	2534216	1.989641686063748	3.8340857802774653
5	1317959	1.953411574921742	3.945620183346555
5	2534142	1.9892998219310136	3.841192761119524
5	2535218	1.9931564749253343	3.893951079112025
5	2534946	2.0189014608039133	3.830271583401143
5	2534761	1.9703747567679193	3.831284625195621
5	2534386	1.9658250651823501	3.8247194974481205
5	2534992	1.99979278668557	3.785884714756531
5	2535181	1.9831256559901447	3.8837878674104656
5	1318045	1.9558127370633647	3.8811757532656834
5	2534964	1.9503211116420538	3.9211530432594834
5	2534599	1.994873651852878	3.836370159151743
5	2534143	1.9974997298229407	3.851018211713899
5	2534675	1.9824033153962188	3.8534355368641178
5	2534583	1.9452528368331496	3.86606274678552
5	2534709	1.9792613521993068	3.839683083904489
5	1318176	1.8998227853693526	3.917536552699561
5	2534916	1.988706168276837	3.817015230096641
5	2534748	1.9848196947173526	3.818613070118391
5	2534676	1.9835251277464911	3.8391243643684754
5	2534170	1.977576236244104	3.893706975142836
5	1318081	1.9425604931027445	3.808052925603655
5	2534144	1.9947823602957822	3.850917520895229
5	2534331	1.9685430021686001	3.8656951123621055
5	2534524	1.9495772437121022	3.8657966470681093
5	2534816	2.0030960127076938	3.818061200566849
5	2535144	1.9416425745079497	3.9430554487048837
5	2534857	1.9854654669138856	3.8528722293628896
5	2534692	1.9815914677805602	3.8667918398980095
5	2534771	1.9370623111294574	3.8212784978285583
5	2534296	1.9976899588398263	3.8225948398051837
5	2534932	1.9677569045308374	3.8364073885900654
5	2534950	2.009519568454596	3.8529931964162776
5	2535000	1.9412201261263031	3.795178336131729
5	2535076	1.9336871002694433	3.9296913665664652
5	1317954	1.9217646516657656	3.784954449370809
5	2534965	1.948015774853294	3.9207883112924806
5	2534600	2.0009328801584494	3.81662211108324
5	2534461	1.9953867099757847	3.8340995734628787
5	2534240	1.9683044356249781	3.8616852465472147
5	1317930	1.9896489917754911	3.8214332884441915
5	2534979	1.9132072972137293	3.7641576260879566
5	1317960	1.9456787464464977	3.9196314678138577
5	2534966	1.944668319409316	3.923362183794097
5	2534387	1.9653116649667384	3.8141540359660646
5	2535153	1.9619482975910163	3.8897789223817028
5	1317956	1.9809835304308308	3.810706848394913
5	2535238	1.9848991807433791	3.802341969536571
5	1317847	1.990827008566082	3.8178030307541206
5	2534261	1.9694555472959587	3.868817458643573
5	1317994	1.9385400230813217	3.847774380414346
5	2534903	1.9609887816409157	3.8277289105505665
5	2534145	1.9912501300147254	3.840387599634733
5	2534574	1.9279994855181473	3.866460827411464
5	1318173	1.9454967341891551	3.8110650492374525
5	2534772	1.933606736018171	3.8084921945045545
5	1317887	1.9618140560039972	3.8274603569388432
5	2534262	1.972007058147731	3.866790994394867
5	2535001	1.9319485172017974	3.7830127000863767
5	2534462	1.9923948867231276	3.824507208878233
5	2534388	1.9542145167167224	3.8074441019244505
5	1317947	1.9946099327551106	3.822528858532111
5	2535031	1.9398493499960812	3.9303128934703726
5	1317995	1.9686836071642293	3.8789865452508794
5	1317816	1.9823872085825378	3.873847682008653
5	2535159	2.0220960918067954	3.8046103539051463
5	2534842	2.091412225143923	3.846690747379543
5	2535149	2.019969158347654	3.8081188699689132
5	1318010	1.9584121342067748	3.871093048963903
5	2534332	1.9691625441374805	3.846180473855332
5	2534194	2.003966607529034	3.84549005337227
5	2534263	1.9559945538967827	3.8594035028867437
5	2534389	1.9507318688142135	3.8100833843660826
5	1318052	2.102440083376416	3.854185342458825
5	1318083	1.957243836836489	3.8775612801353407
5	2535219	1.9930259942648125	3.896630664170125
5	2534980	1.9151570760996202	3.762974930254625
5	2534710	1.9657322936569241	3.825829327454011
5	2535032	1.9463519941848806	3.7839501296121343
5	2535122	1.9680696020661261	3.883400831372725
5	2534390	1.9542188099976343	3.8093611375623158
5	2534514	1.9918171710189674	3.9211058264839767
5	2534515	1.9927756449285332	3.912282918156134
5	2534391	1.959805853153132	3.843697415504566
5	2534502	2.0191588139911922	3.8834466963544347
5	1318117	1.9497311492045535	3.8094361772438985
5	2534788	1.936995181532867	3.8300953587925917
5	2534171	1.9691903438632457	3.8742159016030864
5	1317953	1.9536582368140827	3.799555438714412
5	2534879	1.990771901421144	3.858421282039867
5	2534525	1.9512501454103226	3.862156526866138
5	2534677	1.9831719624790656	3.837705978321462
5	2535193	1.9257707833148974	3.8592325404979024
5	2534601	2.0018773401348677	3.816585791941247
5	1318102	2.031206085477109	3.783731779539668
5	2535002	1.9432836221638683	3.792107670618849
5	2534536	1.9646591891539453	3.8607838309350786
5	2534967	1.9579986720578126	3.92151863691605
5	1318195	1.8806485261204589	3.8030426558546018
5	2534333	1.9806946660283546	3.8375390989389566
5	1318049	1.9796141271189722	3.8808148271165934
5	2534773	1.9268043549359206	3.8056113214759035
5	2535069	1.9523569386220176	3.931970437996696
5	2534774	1.9406077170424882	3.8062420812234987
5	2534919	1.9611827274988383	3.8400681197393443
5	2534506	1.9860578812033118	3.9040913516022804
5	1317961	1.938906318610936	3.9343001643374484
5	2534602	1.9962973244534705	3.8176217146353975
5	2534518	1.9912125104348875	3.852848111476106
5	2534797	1.980356863015444	3.873963126597077
5	1318096	1.9453035985042622	3.9449447253124754
5	1318157	1.9287355144760585	3.8061140246839087
5	2534297	2.016314095426475	3.820618495400051
5	2535092	1.9564794231202467	3.8883781085289635
5	2534968	1.952230618858115	3.918750597417006
5	2534904	1.9576608544645795	3.8280690519870535
5	2534711	1.9728360939608063	3.825628896028317
5	2534791	2.037286551659023	3.849791686040415
5	2535123	1.9623977769986212	3.875822948764277
5	2534137	2.0111720883713007	3.881979086899854
5	2534678	1.985668293538614	3.833233109241879
5	1318032	1.9948129727887793	3.8213088922780876
5	2534671	1.9792878673923295	3.822711721231442
5	1318035	1.9947489658058872	3.7672698271404323
5	1318196	2.0180358806406358	3.811501234501144
5	1317988	2.0280927389363876	3.801933705292421
5	2534334	1.96195630109065	3.867706336347743
5	2534335	1.9711810889331052	3.8701207192397655
5	2534544	1.9779086169898126	3.829933809854978
5	1318061	1.9496182287610428	3.83726195323054
5	2535093	1.9524812035183952	3.8938516461469126
5	1318164	1.9468864610187777	3.9044638890046635
5	2534905	1.9609707607441966	3.812491686640241
5	2534298	2.00013072022987	3.8248755492653688
5	2534494	2.045050043767864	3.859510406249858
5	2534981	1.9134625139939052	3.76218565917399
5	2534868	1.9739170496345073	3.823086427318843
5	1317854	1.991746793072047	3.827663817209061
5	2534935	1.9411889216933824	3.85192456591033
5	2535012	1.9338150396543556	3.7935437888565358
5	2534146	1.9928087632777374	3.8523519684777736
5	2535045	1.951774654619253	3.9336833197168657
5	2535169	1.9740565167284818	3.865030635000315
5	2535229	1.8887503189049362	3.8974843080079906
5	1318077	2.0937779742998095	3.8872272409918494
5	2534545	1.9572987927443184	3.8463489895213847
5	2534585	1.943207476943606	3.8669610728186337
5	2535136	1.949343926224224	3.83213482379417
5	2534850	1.9910969115667563	3.8198200988189734
5	2535132	1.915308187669559	3.8713284125041336
5	2534299	1.9992875767776874	3.8226205111277
5	2534910	1.991922459791293	3.81749479347383
5	2534603	1.9996413973863438	3.831167428638715
5	1318090	2.016349141256057	3.802244312884386
5	2534508	1.9853384719544616	3.92258026294229
5	2534463	1.994876763632846	3.8284539561374995
5	2534767	1.9648719599422189	3.830822647621192
5	2535208	2.015133025814394	3.8526640678781794
5	2535196	1.9662843593277017	3.894759500670108
5	1317951	1.9962324230613293	3.852344723473906
5	2534392	1.9676756059524343	3.8252155752632127
5	2535083	2.0203803632895685	3.8233640439097396
5	2534327	1.9898145213542773	3.866706454272695
5	2535022	1.9346454079149265	3.8044720910440626
5	1318174	1.9455098809173115	3.82323471923295
5	2534300	1.9931811416561607	3.82189194735144
5	1318074	1.9497004067753139	3.9368348395063233
5	2534604	2.005331994732307	3.8420866846578634
5	2534854	2.006618748720393	3.8275343804833
5	2535182	1.953912639091893	3.8832914965803003
5	2534848	2.0454154562015456	3.8521792042062066
5	2534301	2.010692834690545	3.819030679647351
5	1318190	1.999345541511746	3.809844305007713
5	2534712	1.983120909312635	3.8403799501192633
5	2534147	2.000638869011892	3.8511095293014956
5	2534869	1.9812135211679769	3.819970312579745
5	2534241	1.973470040638461	3.8458293714767136
5	2535233	1.9338042173304733	3.7782331208117017
5	1318031	1.9517958154944797	3.8729398900195284
5	2534302	2.001465658612322	3.8244214732625013
5	2534148	1.996671037392555	3.834891662755148
5	2534995	2.0235861468058003	3.813855622246851
5	2534937	1.960484592981608	3.8793718179379386
5	2534213	1.9865807098375126	3.9104713092071566
5	1318153	1.9723158939988612	3.876203111368075
5	1318098	1.8807766202020793	3.881821673290984
5	1317888	1.965848357453316	3.8347085939702517
5	2534264	1.9568092789289964	3.866842478941997
5	1318027	1.8787003336467045	3.8342359138054487
5	2534798	1.9889601093691112	3.865188079936859
5	2534866	1.9825677685644159	3.8432646468985023
5	1318139	1.9451821393695286	3.819263149541351
5	2534892	1.9686608079582266	3.838042564499172
5	2534605	1.982522127410387	3.8209244832233447
5	2534303	1.9996746102112875	3.8235260080381885
5	2535086	2.0103691317185364	3.838397942923963
5	1318086	1.9655878191883462	3.788655660045746
5	2534799	1.9922527760963147	3.8626040922266034
5	2534149	1.9958266335425634	3.8499693122582115
5	2535203	1.915067205808816	3.921299970407862
5	2534800	1.9895720999486857	3.8619658100366485
5	2534495	2.0580375429419018	3.857061935171505
5	2534775	1.9315005741565268	3.8092352101832
5	1317955	2.0048635724669017	3.8143205761573897
5	2534828	1.9852342107826084	3.8287125964362105
5	2534657	2.0424210142505155	3.8063676337831405
5	2534393	1.9637280819865386	3.825682698638316
5	2534951	2.00157813574673	3.8617122159007464
5	1318029	1.967730748343684	3.8768359015462317
5	2535043	1.9837018462772584	3.8499361861077044
5	2534659	1.9737937053563874	3.821635835984374
5	2534792	2.052278168862875	3.849108953947334
5	2535094	1.9650311687917372	3.8805956092651197
5	1318002	1.9676650147294465	3.782566071085453
5	2534304	2.0015682667999575	3.8265964099104437
5	2534988	1.9929501037853128	3.7842738449020783
5	2534336	1.9703233844986388	3.865808255001949
5	2534702	1.9979361937055506	3.837058914383237
5	2534606	1.977285430002601	3.829143649353541
5	2534509	1.9865413129436311	3.9233390671885906
5	1317925	1.979819813820985	3.8173042885307265
5	2534969	1.9534014966521636	3.9304363115611776
5	2534328	1.9889819306596677	3.8678619118272044
5	2535133	1.9246515023594126	3.8627005477919543
5	2535057	1.957629806026566	3.945471107491004
5	2534394	1.969764372191923	3.822911847938575
5	2534776	1.9334527404667305	3.8066595886681416
5	2534938	1.9563368494716116	3.8835671371251963
5	1317813	2.0951135050885554	3.875157545785081
5	1317860	1.9927375111771608	3.8497821030207273
5	2534693	1.9762413941735253	3.876051736910552
5	2534395	1.954938539330962	3.8047241619597947
5	2534607	1.9911469053006674	3.8224613106038
5	1318217	1.9937716266981498	3.8984144407337715
5	1317830	1.9941645878942116	3.8173815160030244
5	2535046	1.9594152904143873	3.9390619808075935
5	2534762	1.9698852536622515	3.8386046787253543
5	1318130	1.9174473491022075	3.7597084151864606
5	2534893	1.965991357733451	3.8418719365591465
5	2534801	1.9864403332196752	3.8645010022744954
5	2535095	1.9666075748363474	3.880650180738519
5	1318088	1.9048545945028155	3.753318847112483
5	1317952	1.9882637791100786	3.8364136448338715
5	2534679	1.9836378611206913	3.8533538539951935
5	2534777	1.9320582364228818	3.8077201982875417
5	1318053	1.9964184320168568	3.8359069069415956
5	2534749	1.9905555072033265	3.829716742766636
5	2534464	2.0172276972699175	3.82655951770092
5	2534150	1.9946824239613732	3.8495174111171924
5	2534680	1.9866006237237686	3.8345341896262877
5	2534207	1.971258230918454	3.8286852428141604
5	2534516	1.9929306598307932	3.9186848516073414
5	2535019	1.934310041140759	3.867827343300051
5	1318076	1.9975663317393988	3.8619651164783444
5	1318055	1.9516484685376636	3.8954616238390884
5	2534151	1.9946917092704095	3.832922410109622
5	2535134	1.9110076866261858	3.8687025275653046
5	1317858	1.9480675451336285	3.7820338001091383
5	2534305	2.01733724429895	3.8184325420318985
5	2534694	1.9730730217728867	3.8502716574101243
5	2534526	1.950820801487596	3.8666391784233096
5	2535116	1.951443906923907	3.878809314218308
5	2534152	1.991287473559681	3.8365405064464593
5	1318040	1.9842342496336796	3.869175327291276
5	1318205	1.9996535505541837	3.782413450525271
5	1317999	1.9985330495221116	3.8140784721321053
5	1318224	1.9298101140999826	3.8770616748471096
5	2534768	1.969735003018549	3.8352342602898006
5	2534958	2.0083140191651125	3.858906249856494
5	2534306	2.015980255537652	3.817664907410802
5	2534989	1.9934411394371228	3.7826294541028727
5	1317944	2.0040060378942504	3.8165910634607734
5	2535050	1.9668136159124645	3.878138283640231
5	2535236	1.9302136734361026	3.947645484209585
5	2534713	1.9706678480387847	3.8199408743085925
5	2534812	1.9782988016062644	3.84320382938942
5	2535096	1.9528900958228324	3.892071718849186
5	2534511	1.9900834145853161	3.939687936387858
5	2534195	2.0025015423577015	3.8462673639673626
5	2535078	1.9369174249681327	3.941441764267805
5	2534191	1.9461207972394179	3.855124006059641
5	2535170	1.9725242409911885	3.8646474087148586
5	1317924	1.9620737173766611	3.821752447827834
5	2535143	1.947589893112556	3.9388639516830035
5	2534202	1.9632313462831514	3.8428491221864194
5	2534396	1.948230474911741	3.8011633470011694
5	1317879	1.9619164459775746	3.8364416889935065
5	1318033	1.955198726127303	3.8716691620208183
5	2534397	1.955717484805225	3.8089876567873957
5	2534920	1.9601665541620727	3.8345607035787124
5	2535111	1.9762183758248386	3.882658817566154
5	2534884	1.9641293921423613	3.851416913928995
5	1317996	1.9830669512858865	3.861181482612712
5	2534398	1.9648407830792312	3.8242442011732605
5	1317990	1.966028906974421	3.8520760719125677
5	1318187	2.005577161910149	3.857162640121023
5	2534813	1.9930710772142217	3.856977787316339
5	2534503	1.9985440006540556	3.8911256672248213
5	2535225	1.9471553610153935	3.948529979041903
5	2535075	1.9456170801994286	3.9366493351447236
5	2534561	1.9764773149331094	3.869941897383153
5	2534242	1.9737134629838966	3.8614725356084927
5	2534660	1.9629425654683628	3.8327704413045893
5	2534399	1.9860479463139409	3.8251288437822097
5	1318114	1.951043979509848	3.8054978993303124
5	2534901	1.9907846702685028	3.816310097768994
5	2534243	1.9786498512363728	3.847408929904093
5	2535013	1.9300353312432605	3.8111157925405195
5	1317991	1.9350248901942233	3.8282731488795947
5	1318013	1.9852165464136482	3.856373177692552
5	1317943	2.0161996702222558	3.8225894870857133
5	2534496	2.0551012015491104	3.860263330680124
5	1317968	1.9990545503472381	3.8674272340285025
5	1317980	1.9886891846514785	3.812636459976948
5	2535003	1.9346607746263693	3.7839738428939524
5	2534400	1.9450613488923592	3.814019205945575
5	2534465	2.017650569124684	3.8206051937603567
5	2534778	1.9218985756681322	3.8054255768361065
5	1318112	1.9463112920345613	3.7791152606593146
5	1318201	2.0067930502959364	3.8690802210607234
5	1318025	1.9384773432857907	3.8582067779338876
5	2535239	2.0154552590101082	3.8622519157820245
5	2534265	1.9589014551426736	3.862319001033182
5	1318180	1.9175115197689554	3.8126672879861703
5	1317935	1.9820520751201909	3.812007913345819
5	2535164	1.9372028598496565	3.8569830430228564
5	2534921	1.9610103301443846	3.8358454852059816
5	2534608	1.9874357850239037	3.823350457571697
5	1317812	1.9885091236926062	3.820847760260005
5	1317886	1.9070896137932107	3.8703657063102344
5	2534695	1.9726192302107242	3.8450174916314834
5	1318193	1.890589940042874	3.8795344578940636
5	2534217	1.983405658411971	3.8291975819891473
5	1318000	1.9994778810479457	3.8147322085644326
5	1318069	1.9896676179387138	3.8295303861819328
5	2534337	1.9664619503405507	3.864768751191254
5	2534596	1.9719859321724083	3.8292004244893745
5	2534153	2.006364636639088	3.8441653936847557
5	1317852	1.9940964938610812	3.837453823481855
5	2535209	2.0133358520123545	3.8510278861678793
5	1317814	2.0231087000778705	3.853570943429624
5	2534401	1.942943568309436	3.7992921887233853
5	2535140	1.9702524070225238	3.8291005579414352
5	1318218	1.9941906789043597	3.866562456983986
5	1318097	1.9914671041366445	3.8333586771293335
5	1318172	1.946641026555468	3.880262268688824
5	1317824	2.084447075964263	3.842721020584043
5	1317922	2.01870802184254	3.9224964299647946
5	1318103	2.005566928170974	3.806719316540682
5	2534609	1.9919442772655944	3.831020373401554
5	1318163	1.9471416958123748	3.8999497618055745
5	1317853	1.9776241383720023	3.817677356475495
5	2535137	1.9477927051175792	3.929873386351243
5	2534466	2.0048169834801537	3.8218447638829067
5	2534266	1.9531487773466638	3.8596437359620577
5	2534947	2.00862712355501	3.847847735863978
5	2535176	2.0353391640684024	3.8013340340636907
5	1317903	1.9533079218012457	3.8330786182881975
5	2534338	1.9761931233936516	3.8425710409355194
5	2534402	1.9559912534205237	3.806480377317319
5	2534908	2.008406821399978	3.818599036163161
5	2534238	1.981080769695534	3.848835736592287
5	2534527	1.96879262320307	3.8525308053437395
5	2534610	1.991174124921239	3.825740362445319
5	2534672	1.9681378666774545	3.809231872791201
5	2534750	1.9760973081266995	3.8347447250631155
5	1318051	1.9990703784400548	3.7367191606341392
5	2534208	1.977753408784116	3.835191396146432
5	2535155	2.011030154737246	3.8094995264682634
5	1317938	1.9834834211535537	3.816445316810246
5	2534572	1.9747184759441563	3.8370083243664705
5	2534154	2.000831556783188	3.8349058710969857
5	1318118	1.9423238742350746	3.789586071567965
5	2534403	1.9709579558935995	3.821012002139804
5	2534404	1.9800623363428655	3.8268236906248103
5	2534267	1.955404242586172	3.8661858191583134
5	2534580	1.9341840952482336	3.862516852880629
5	2534339	1.9720086324059514	3.845960881086922
5	1318008	1.874379953017508	3.84545958675323
5	2534340	1.9643700476784631	3.866194714497676
5	2535230	1.9088072410463164	3.7888815857472484
5	2534209	1.963119274530438	3.846595835995039
5	2535117	1.9552326168142697	3.882316194364082
5	1318150	1.9402895432402893	3.8001995877193604
5	1317822	1.9732963157222567	3.839176614054647
5	1318189	1.9032136136243971	3.7967284303500084
5	2534268	1.9572722566841072	3.8631522559044207
5	2535097	1.9541688098076895	3.894709732627134
5	2534269	1.956550263591476	3.860646763824573
5	2534155	1.9966455558254603	3.832491453841788
5	2534218	1.9809420819070194	3.838706412430245
5	2534936	1.940105184038289	3.850983812428812
5	1318064	1.9505906550201073	3.9289110276086587
5	2534562	1.9785692047178634	3.8700847127075746
5	2534703	1.9993229195966762	3.8388489687054044
5	2534537	1.9613610982028673	3.8543242802483832
5	2534224	1.9687119723448416	3.8560751574228846
5	2534270	1.9566179784048279	3.8654254900134344
5	2534751	1.9877814645510021	3.8185429425980666
5	1317904	1.9678353059574683	3.822033388835438
5	2534696	1.9776224279894354	3.8766037230611907
5	2535204	1.9113998534829928	3.922366548946739
5	2534271	1.9671656130597788	3.842038104160729
5	2535200	1.9634726321442475	3.89880449067635
5	2534714	1.9777100317603489	3.8385047462917337
5	2534810	1.9311793429212418	3.813722431432878
5	2534843	2.080425428600007	3.8458124795802244
5	1317818	1.9877664716051353	3.8059325811027214
5	2534272	1.9568343273521913	3.864302178844289
5	2535138	1.9412415269662204	3.9322468468034493
5	1317949	1.9976870900851043	3.815935137744622
5	1318057	1.948323842620983	3.9452834067073574
5	2534941	1.958872235290158	3.7960929578171747
5	1318011	2.0066636809352487	3.9544110330504387
5	1317937	1.980283608720178	3.836747130917934
5	1318120	1.9537087985300332	3.8025875161281366
5	1318137	1.962158484127681	3.776804118831695
5	1317861	1.9890751181075101	3.8545023835471497
5	2534528	1.9481743396851332	3.865300747266621
5	2535151	1.9474292794652994	3.7869489224797337
5	2534652	1.9907224529746612	3.8490754218519094
5	2534546	1.9554273626925014	3.8447641414262126
5	1317946	2.001804554808326	3.801675032220091
5	2534405	1.9589451100316944	3.8043922757025235
5	2534653	1.9904251482618776	3.847729971291434
5	2534529	1.9609305655322185	3.865618826390527
5	2535058	1.9562988812350974	3.9441618110530126
5	2534547	1.9541103938106956	3.8451558266692114
5	2534611	1.987605595511102	3.8420939079705616
5	1318177	1.9696451442443252	3.883463742623387
5	2535098	1.9558555347068618	3.8946593809649093
5	2534943	1.9875225085043757	3.8319977912771876
5	2534681	1.987579461704221	3.8345597258654904
5	1318207	2.0578027292748664	3.854792977237064
5	2534715	1.9777709305003408	3.836575037490611
5	1318015	1.9643744203602405	3.848906897317952
5	1318105	2.0123795078545728	3.8542369808587464
5	2534716	1.9787342831118784	3.835758797190425
5	1317997	2.010613236141859	3.8289989441252
5	2535146	1.8838995218260997	3.9037511538367498
5	2534586	1.9432725083337472	3.863910251185872
5	2534886	1.971411120279106	3.818373396295731
5	2535004	1.9304094179186622	3.7853258942856263
5	2534779	1.9316434741962534	3.8111535226545263
5	2534273	1.9589774228446708	3.863699665050671
5	2534548	1.9537276637180945	3.841873143052388
5	2534912	1.9951077398159869	3.8126327189337075
5	2534274	1.963098901906314	3.857515421742424
5	2534717	1.977786320721962	3.827006655135171
5	2534467	1.993361918122567	3.831972396155435
5	2534225	1.9702663375666767	3.855582811503355
5	2534902	1.9899307859470692	3.822523321888722
5	2534492	2.064914414495037	3.8424772189352803
5	1318003	1.955878079817264	3.845855224459084
5	2534180	1.97891408653828	3.9060156444410414
5	1317940	2.010521053724249	3.835400442565692
5	2534183	1.955518147390868	3.85490130251349
5	2534172	1.9718231580435146	3.8730126182175058
5	1318175	1.9748225062448876	3.8929230332538594
5	2534406	1.9669302627592804	3.8247910053368237
5	2534849	2.0822355288291345	3.8519599837064296
5	1317850	1.9784648887097633	3.8282940479360086
5	2535025	1.9435581927226862	3.7803646802239808
5	2534497	2.0534680897606132	3.8596077334077226
5	2534275	1.9674546523658103	3.854092659786781
5	2534341	1.963635207710136	3.8637722363856772
5	1317843	1.9808825366893603	3.824761439317662
5	2534156	1.9982684883227109	3.8344254727277884
5	1318080	1.9065812013147008	3.7863474410707756
5	1318161	2.0250824349483882	3.798435398318004
5	2534407	1.97963639960906	3.8238530384298115
5	2534894	1.9678597446607966	3.84536581550434
5	2534841	1.987136507043718	3.9219049376161075
5	2534802	1.986271786546963	3.854871323392259
5	1317992	1.9609324101985652	3.844719361946218
5	2534408	1.9576374331771365	3.8054037188267302
5	1318024	1.923311700073398	3.859757133599516
5	2535014	1.937918240347743	3.7991974498409555
5	2534718	1.9639327002128215	3.828818863429322
5	1317820	1.9859819554487357	3.8418347969650575
5	1318039	1.9588485304965324	3.8680806047641543
5	2535156	2.008466948699101	3.814084106424165
5	2534612	1.9954266770819338	3.8154684558499907
5	1317958	1.9581996397213404	3.91905399988583
5	2534376	1.9483797836502994	3.8490306209775507
5	2534682	1.9879512687154628	3.8517653248051675
5	2534409	1.9846180711904224	3.817337443518485
5	1318199	1.9815252261249432	3.834696204958035
5	2534468	1.9967623368379759	3.8336463858025813
5	2534719	1.9833192257576246	3.817911152476513
5	2535090	2.0230411989439596	3.823716410443677
5	2535234	1.9080501411015591	3.9065210643709207
5	2534203	1.9635059982158112	3.831616187268542
5	1317859	1.949511836308001	3.785885137101105
5	2534814	1.9949282695151151	3.855799566743449
5	2534829	1.9731970957355887	3.8437162393434696
5	2535099	1.9597014962458184	3.885427860333859
5	2534697	1.9767381604085026	3.8775349857010926
5	2534887	1.961111602354968	3.829007545046383
5	2534793	2.037266975350805	3.8483493585808524
5	2535240	2.000412817245527	3.8541475700098404
5	1317950	1.9459646046989398	3.8324555804255067
5	2534410	1.9590256304744076	3.807652501258741
5	1318073	1.9074286277220178	3.791745612716304
5	2534307	2.0131255515200883	3.8266608558407147
5	1318106	1.9976701821713039	3.8169035354488807
5	1318232	1.958393741598576	3.94766868683242
5	2534276	1.9634925654896962	3.8591768624390554
5	2534411	1.9742966964781103	3.840002291363119
5	2534895	1.9621962607665482	3.8342234537452753
5	2534549	1.9785530334858685	3.829323067586956
5	2535118	1.953774612028739	3.8779053968077037
5	1317896	1.978628748201887	3.824888478533627
5	2534342	1.9698877964115291	3.845427511106407
5	2535205	2.0578037417736033	3.7950548290102915
5	2534498	2.0643882330452756	3.854455752949963
5	2534720	1.9645357398283803	3.8294960119258823
5	2534469	2.0087710006455506	3.8345500900693317
5	2534244	1.970487971214264	3.849213696382385
5	2534820	2.016602849379897	3.819455955433996
5	1318037	2.047562396824663	3.8022092948261177
5	2535152	1.9166056184309854	3.782898801438072
5	1317974	2.089119652093131	3.816459263506387
5	2534803	1.9876961103700965	3.8652999963793664
5	2534412	1.9668185521466752	3.823701197681953
5	1318012	1.9989492361182866	3.977234322623091
5	2535100	1.9511727240391392	3.8875945114611414
5	2535231	1.9100912908465766	3.7865992628539953
5	2534413	1.9475791848550854	3.8019452229761197
5	2534704	1.998183802689089	3.8400076055372776
5	2534470	2.0060063286729086	3.8385438586719443
5	2534613	1.9963938435622643	3.820438689884905
5	1318062	1.9818785696762784	3.835973275134874
5	2534343	1.9611030521504627	3.868902645519633
5	2535005	1.9313006160312662	3.7890560823410904
5	1318135	2.028791753060347	3.855293383488472
5	1317942	2.011067842524357	3.7730156177110343
5	2535171	1.945171225224416	3.78476933563034
5	2534245	1.972330026033995	3.8612239752219186
5	2535023	1.9447178023077125	3.7928191922154264
5	2534414	1.961910340715274	3.8229316241307525
5	2534683	1.984209100957744	3.8361885675486698
5	1318109	1.9612512218990976	3.792720372011921
5	2534614	1.988780587389672	3.8230003452566974
5	1318204	1.9799923879321533	3.8475489402169547
5	2534344	1.9670711901071884	3.8681701215132085
5	1318026	1.912895777808582	3.8708516060499476
5	2534780	1.928209471851868	3.801279831447296
5	1317966	1.9653820663698107	3.845073592636701
5	2535114	1.9660720678616426	3.8838016003870695
5	1318020	1.9963779734449034	3.813765626297693
5	2534684	1.987925677233904	3.856681212905253
5	1317941	1.97759873603176	3.8395271232450714
5	2534615	2.0023131414439	3.8191031203750776
5	2535148	2.00680220511154	3.8287540909233764
5	1317923	1.9578475492370082	3.832270846250475
5	2534345	1.9659529208530964	3.8736917665546207
5	2534377	1.953520160734014	3.8282956610650487
5	2534346	1.9648125279215716	3.8679819308860344
5	1317899	1.981912716825539	3.833411616607856
5	2534204	1.959922065046194	3.842468236266272
5	2534559	1.9748013760636427	3.831725991768659
5	2535178	1.955215737655453	3.8744010019462167
5	2534685	1.9895032387012086	3.84327191787682
5	2534308	2.003569829931839	3.825330239694475
5	1317898	1.9754637774510244	3.8324941915298307
5	2534705	1.9931034914637153	3.825476370920238
5	1318021	1.9780024833443812	3.820780774684405
5	2534821	2.0134223208598465	3.819105690275465
5	2534226	1.9771504867559269	3.8475606362042014
5	2535162	2.0141915980818985	3.803261566846494
5	2535235	1.9047861019206738	3.904034906559513
5	2534309	1.9976983947114362	3.8262748400781215
5	2534870	1.971826314765251	3.8258273585081604
5	2534563	1.9823721331713635	3.8686620004103887
5	2535101	1.961140731004435	3.8809045803290343
5	2534277	1.9621326124003426	3.8586743433183246
5	2534157	1.9956592823337491	3.833007731618303
5	2535102	1.9581540519213407	3.887515592572299
5	2534246	1.9722834517061196	3.86267983874033
5	2535115	1.9669028849334973	3.882585246524455
5	2534939	1.9634240598341124	3.88843210466532
5	2534940	1.9649877892931085	3.888267837261938
5	2534922	1.9598958938367235	3.8357370149993666
5	1317983	1.9241783606042386	3.816517097597862
5	2535160	2.0210393312184047	3.803551210782593
5	2535189	1.9511713331092033	3.796847315085658
5	1317977	1.9813377291290633	3.815888509326996
5	1317928	1.9710596523772335	3.8413942834279897
5	2534804	1.9905668232107152	3.8605726625142096
5	1317851	1.978217593061406	3.7988493536005397
5	2534550	1.97022140387019	3.834232524543031
5	1317849	1.9765591579644752	3.8169480964700875
5	2534698	1.97807943305442	3.8781784827249743
5	2535158	2.015784992595254	3.8072271745286312
5	1317835	2.003799445390122	3.8361143044081003
5	2534996	2.0263707732472995	3.809763927067528
5	2534415	1.9601931781442838	3.8239094787965016
5	1318215	2.0790089421456344	3.8526629673950055
5	1317939	2.0279122227600603	3.839802304292416
5	2534278	1.9749419518440814	3.8511906534981386
5	1317872	1.975780672645385	3.8276062802823776
5	2535197	1.9671457192576736	3.892869907070186
5	1317993	1.9512514321616379	3.8433925813379965
5	2534551	1.9790348185650584	3.830147295484471
5	2534416	1.980916262500727	3.827051567339589
5	1318093	1.9223570722913956	3.8108589291688424
5	1318198	1.9854711899234403	3.8178749814057107
5	1317881	1.9844745270000244	3.823956350734688
5	1317878	1.9675208790419922	3.8262065457967944
5	2534896	1.9775138101338288	3.844741304516576
5	1318107	1.8956181600487096	3.892933613849256
5	2535059	1.956927095032709	3.9348235807944194
5	2534279	1.9580814519526413	3.8660583628361493
5	2534997	2.0210858612595617	3.8197233114262823
5	1317913	2.0271268055245395	3.896465794665832
5	2534347	1.962947912104333	3.865710167302981
5	2534699	1.9799987620003914	3.8663378588815336
5	2534237	1.9615346462413936	3.850527594962341
5	2534564	1.9836768118673167	3.8675605391622696
5	2534417	1.9611661626218833	3.8192762963031113
5	2534923	1.9599665630057344	3.8388652751894976
5	1317842	1.9747794672869017	3.819962944936642
5	2534721	1.9601106070920915	3.8182586245190513
5	2534247	1.9705734337372822	3.8477549748309996
5	2534616	2.0056066306042313	3.8167465686625546
5	2534592	2.0161008975516372	3.8643617552136003
5	2534348	1.9666195870359122	3.8707329224087914
5	1317834	2.0042418491476592	3.8304294855195913
5	2534378	1.9442684821730514	3.851156100402137
5	2534822	2.011282415683749	3.822006921858323
5	2534573	1.9408563443441198	3.843044582070065
5	1318200	1.9889735794288128	3.8182841400646863
5	1318108	1.956435621512267	3.8011960779319494
5	2534617	1.9803707541799085	3.830761386393196
5	1318100	2.0640541354952235	3.9404198172958336
5	2534418	1.9679480822613062	3.8270582451510986
5	2534227	1.9758973928850898	3.8631676715171186
5	2534722	1.964139285804909	3.8276998671790547
5	2534552	1.9530910282327436	3.8401727078976915
5	2534379	1.9445329455321163	3.854006114458892
5	2534723	1.984126882622424	3.830588020620673
5	1318160	1.9442821156750836	3.892735831241455
5	1317845	2.0236662665505354	3.833021027740243
5	2534752	1.986654746736955	3.820066987959728
5	2534753	1.974647574952847	3.8275886187315487
5	1317838	1.9755054964682335	3.8363770475177965
5	2534349	1.9649416679408198	3.8646607854612367
5	1317936	1.9748485145222958	3.8221868709192415
5	2534350	1.9704886829170902	3.8463798174907993
5	1318104	2.0071991139825442	3.817262671024035
5	1317921	2.0161559661158375	3.9045201821144384
5	1318191	1.9679142900995488	3.8032562563879746
5	1318119	1.9451618205498376	3.788620381345332
5	2535006	1.9332754066214572	3.7848979773980798
5	2534228	1.9712724320379027	3.8435323873959457
5	2535172	1.9374799622836922	3.7839761253925963
5	2534781	1.9273198449991975	3.8157324722875936
5	2534229	1.9759687073783605	3.8617252889134215
5	1318155	1.948452188927189	3.8848042257293787
5	2534419	1.9548693527867502	3.8168986372430838
5	2534420	1.9721578877468477	3.8346003580084145
5	1317841	1.97238571464901	3.8360773234421948
5	1317902	1.9713372985619753	3.829961565070525
5	2534998	2.0222745652060032	3.8170151792815354
5	2534421	1.9765543705381334	3.8263296181780544
5	2534618	1.990569493558143	3.820964654123809
5	2534851	1.990479830165117	3.8146219434365767
5	1318165	1.9766774470537307	3.891215063354137
5	2535188	1.9671788301193212	3.8900379716978923
5	2534871	1.9859282636050328	3.8264630901295904
5	2535124	1.9837941049310492	3.881754332628113
5	2534310	2.01538361838412	3.8242067959062642
5	2534192	1.9698902511024712	3.8411840127488732
5	1318019	1.9954001909364243	3.807253984327343
5	2534471	2.020208513493065	3.8253102143616795
5	2535168	2.087643138317027	3.8120457000005494
5	2534239	1.9800114298827882	3.833727754906236
5	1318132	1.9597673590284734	3.7816920637604423
5	1317809	2.0115029215719353	3.841856357253893
5	1317877	1.9625438206617039	3.8306454872027813
5	1317821	1.9985696217539732	3.8232762445272352
5	2534661	1.976255966111722	3.8206501796441357
5	1317915	2.046248464192268	3.875422203584362
5	2534872	1.9774664807812437	3.8251240278961256
5	2534422	1.9536456581575699	3.8013509133699146
5	2534423	1.9824844661326102	3.821696637422163
5	1318016	1.9811922085500921	3.854517439650133
5	2534472	2.0092199441754546	3.8217854770451156
5	2535103	1.9513076505590154	3.8893955215926193
5	1317979	1.9891153851083034	3.819204754697502
5	2534724	1.9771325145441951	3.8199922936453308
5	2534230	1.9798165222085897	3.851726876485486
5	2534858	1.9755872311529172	3.848628497492952
5	1317810	1.9781690070484352	3.9302733850568736
5	2534668	1.9371319215838199	3.8022739482762886
5	2534351	1.9669479947959527	3.8723181506398183
5	2534942	1.9805226426585552	3.733745103358079
5	2534311	1.9973998581067598	3.825333678124537
5	1318152	1.9398015794553685	3.8774971374126275
5	1317907	2.0267331339295738	3.901868660760762
5	2534424	1.9682704944189175	3.8298399337603564
5	2535191	1.9299086578290974	3.855358252475487
5	2534817	1.9990856988682189	3.8169148395732324
5	2534581	1.9299977613779664	3.8657604335547777
5	2534873	1.9797458699352486	3.8158230560591986
5	2534553	1.9554891266107899	3.8432275611728293
5	2535085	2.023156218027543	3.8188594665541458
5	1317863	1.993776566159471	3.869887366870367
5	1317836	2.0048564515408818	3.8375790309294464
5	1318231	1.9499009645474108	3.7797709801665245
5	1317893	1.9559449407843499	3.836296618938937
5	2534565	1.9775159733898553	3.8688674781077403
5	2534725	1.9722908149295026	3.8248109002737136
5	1317839	1.979832989099714	3.8298346036049606
5	2534933	1.9601511805013572	3.828669806492286
5	2534560	1.973369713517288	3.8275768491440108
5	1317987	2.0343447050132584	3.856137923455128
5	2534726	1.9820361064453473	3.8324038413525177
5	1318149	1.9489763561017783	3.8074993196535725
5	1317912	2.03541853960301	3.958279080674453
5	2534590	1.976921134278746	3.8276797444249433
5	2535139	1.9531321790496918	3.834947767266125
5	2534619	1.9936988970369514	3.830515279150041
5	2534620	1.986757283446143	3.8223547428490035
5	2534789	1.955781666344311	3.8632692013230208
5	2534838	1.9768290584442225	3.9110061165203405
5	1317856	1.9850165895095504	3.839389603363117
5	2534219	1.9952886268676897	3.8274786434608012
5	2534952	2.003943771412255	3.8575351415153376
5	2534425	1.970549423340468	3.8226180865550967
5	1318068	1.9922873293314456	3.8131666278940157
5	2534686	1.9838524167091842	3.834723856165645
5	2534859	1.9832533220134698	3.830602999326915
5	2534158	2.002770282858756	3.8355275822935484
5	2534159	1.9860371884917523	3.8431290990603455
5	2534507	1.9876520273059357	3.9043845005037423
5	2534538	1.9475392753414942	3.8569690733612387
5	1317918	2.036276096724465	3.888889866813548
5	2534160	1.9880966318122417	3.853110461977917
5	2534566	1.9800696495842087	3.8701350706879465
5	2534312	1.9952414010392847	3.8254068916019786
5	1317891	1.9580488474314355	3.836746264083438
5	1318143	1.979135515742766	3.814691626457885
5	2534248	1.9705296887051398	3.8633096787920294
5	2534352	1.9743632679427048	3.8389696081337616
5	2535129	1.926638823176507	3.8075641034693386
5	2534182	2.0309097580235203	3.8742396122821137
5	2534621	1.9794945914846196	3.8274649670113883
5	2534885	1.977840711049929	3.85214533512626
5	2534487	2.01136765106021	3.836861033609281
5	1318167	1.9678771750334771	3.8890095796706636
5	1317880	1.9798538249958582	3.8197956320577195
5	1317906	2.027921066133688	3.9065973775236515
5	1318007	2.0823920158138147	3.814970602804444
5	2534313	2.0136068451529985	3.8280357130496423
5	1318075	2.0603328188405183	3.8655232686158363
5	2534488	2.009038013662656	3.8274559921931135
5	2534575	1.9372985105962246	3.8646221368125633
5	2534184	1.9627936907299772	3.8559044102477236
5	2534823	2.0152000993709582	3.8209475489261013
5	2535119	1.9607410314054585	3.8864951510585075
5	2535044	1.9871171234861569	3.850338323044922
5	1317978	1.9974962240874516	3.8126976946638194
5	2534913	1.9858427852781009	3.8126326899024865
5	2534727	1.9745509229064506	3.8263150748152257
5	2534353	1.972193036123917	3.842506189581405
5	1318226	1.9775004486227221	3.8508567189875254
5	2535060	1.9559325332330562	3.930680139364055
5	1317832	1.9706695533099303	3.7361389385299444
5	2534513	1.9862016335119486	3.9539319590101774
5	2534782	1.9360018174407798	3.8224673925548256
5	1317831	1.9633685133507506	3.833951216372976
5	2534354	1.967125799573068	3.866288204152718
5	1317894	1.989045536833765	3.8155660582784665
5	1318230	1.9494776590979221	3.8627425485077778
5	1317910	1.992264058794398	3.877374851061414
5	2534249	1.9719415390589359	3.852391902521153
5	1318060	1.9602655434473366	3.87005377102206
5	2534852	1.9903947032378098	3.8190428501302303
5	1317811	1.98092457442662	3.879046235685342
5	1318111	1.9402416888677612	3.782015143961093
5	1317833	1.9974434269072612	3.8293009615741704
5	2534830	1.985442718314408	3.8304559751069234
5	2534426	1.9459585616321144	3.812510909067178
5	1318115	1.8733380621895126	3.8628751508641814
5	1318066	1.9468354630134195	3.8185908448312054
5	2534970	1.963459807786696	3.9041541484852007
5	2534783	1.9392429507268045	3.7939985433478323
5	2534860	1.9735745714511133	3.8471320003044363
5	1317855	2.017769018324336	3.8222113668153663
5	2534990	1.9949137659299163	3.7838735994144947
5	2534883	2.0099992959893567	3.8508028049696814
5	1317884	1.9773412849813718	3.8282718273808194
5	2535183	1.9523966424071701	3.8804400520216995
5	2534280	1.9542735901705672	3.8652630444998883
5	1318110	1.9275552925982888	3.7989315292454364
5	1317862	2.0998852535304855	3.8646969287638733
5	2535186	1.877993637367025	3.8514951396300146
5	1318065	2.0029350940976265	3.822398414750973
5	2534763	1.9697611885450363	3.832267810046437
5	2534427	1.9765742980885348	3.822585037169369
5	1318036	1.9625594409182383	3.8874455178428358
5	2534355	1.9677136158915731	3.870258004446097
5	1318046	1.9889580322309326	3.945277822504281
5	1318166	1.9486295733927659	3.861064756361583
5	2534622	1.9889763783690875	3.826249848360223
5	2534687	1.9907103375730586	3.8541043456135347
5	2534138	2.009716130433616	3.8837225745171655
5	2534490	2.0259863864933987	3.8381756940339646
5	2535135	1.914433027957958	3.8660061121575082
5	2534728	1.9814930674001983	3.83108108204107
5	1317868	1.9674082001844821	3.8469151934062142
5	2534662	1.9795055617813198	3.8254726377695136
5	1318056	1.9673088827568312	3.879446583512089
5	2534982	1.9153013249714874	3.7610257865880565
5	2534567	1.977095677906857	3.871464419310679
5	2534428	1.9638915005011583	3.830286214914679
5	2534960	1.9449812437888645	3.836522845851275
5	1318214	1.9719826300830194	3.8952699167029947
5	2534754	1.9755475744202198	3.8244841542663117
5	2534594	1.9657591915094017	3.820475785038299
5	2534356	1.9750404642698183	3.8788722222929963
5	2534539	1.973756131148552	3.8483826274633794
5	1317857	1.9062704138394437	3.803033110817843
5	1317819	1.9577708413612898	3.824895167091034
5	1318192	1.8899753824078451	3.885859639886338
5	2534357	1.9644410550282654	3.8739556752289155
5	2534358	1.9644412670719196	3.871315779161007
5	2534250	1.97903928098078	3.8631617084668615
5	2534582	1.941389241092121	3.8664408937567503
5	2534173	1.972614174621474	3.8711002539202903
5	1318009	1.962098255583027	3.873208806360714
5	2534359	1.9698799118139563	3.870460238165035
5	2534971	1.9562509399049464	3.924473065627148
5	2534755	1.9755039518852193	3.826830836193474
5	2534654	1.998882870766875	3.853127113250325
5	1317965	1.9658075124116692	3.805286416646105
5	2534174	1.974807833989461	3.8804816193275746
5	2534706	1.9818319413611627	3.822229495661028
5	2534210	1.961417783069719	3.8419590289124024
5	1318171	1.9765092287105281	3.895288892356377
5	2534314	2.008990600213026	3.8173669908463648
5	2535216	1.991743703909207	3.8706130180318126
5	2534729	1.9756119837399275	3.837377860262765
5	1317837	1.9812468236897633	3.8259585584411195
5	2534730	1.9746044373567457	3.8303267767470257
5	2534429	1.973829714335005	3.83794608075049
5	2535224	1.9433434221952743	3.7952532379170867
5	2534139	2.000880092781451	3.876506310962201
5	1317883	1.9747766503911286	3.8188563796266073
5	2534315	1.994797883987845	3.824324302740136
5	1317998	1.9956414760329773	3.874585368866958
5	2535157	2.012987213702515	3.808310684667201
5	2535220	1.994976920045537	3.8965593272584202
5	1318185	2.0123365538265983	3.8520210411009423
5	1317933	2.00710276607717	3.836324853242779
5	1317962	1.9912368876174833	3.8154567487438804
5	2535174	2.0215207832138167	3.850654551762446
5	1318085	1.9279974640305322	3.7561749845713197
5	2534756	1.9799451491128013	3.8350192553923628
5	2534924	1.955690762480698	3.8353292843455513
5	2534161	1.9978252289859495	3.835933251493491
5	1317846	2.028939575316092	3.8312931513734823
5	2534181	1.9762006099753837	3.9059653674322843
5	2534360	1.97711213689491	3.883803118090811
5	1318188	2.0065049203702405	3.863513008726706
5	1317848	2.0348174457513752	3.843314605472487
5	2534316	2.001069398808648	3.8253999021959175
5	2534764	1.969659199714564	3.8375672763653768
5	2534623	1.996345309687492	3.8258143250714514
5	1317919	2.03699208446609	3.9882256253372717
5	2534281	1.9715699436837093	3.867931197596464
5	1318059	1.880926355561843	3.863393794368387
5	2534731	1.959344139631851	3.817491781331614
5	1318209	2.0033232734701363	3.8340056165589544
5	2534201	1.9861704405103624	3.8583614005849904
5	2534765	1.9717955224402064	3.838177207149657
5	2534732	1.9765696537626798	3.8330519072118463
5	2534784	1.9374731174666486	3.813782770120618
5	2534568	1.9758731634257345	3.8678051472778625
5	2534179	1.9790382369657724	3.9092653082120234
5	2534874	1.9933848952659825	3.8396976737987476
5	2534624	1.9795029775780313	3.8290126492110645
5	2534430	1.9793555292549576	3.821714392910409
5	1318128	1.9454448099569657	3.8386254032911804
5	1318178	1.9777470740382794	3.8458602729385287
5	1317823	1.970114996560176	3.8433808359189716
5	2534196	1.9949052267706289	3.835360931439635
5	2534162	2.000220826078419	3.8376828938405416
5	2534569	1.9803804492430241	3.868008081187791
5	2535177	2.035318326222043	3.803371103558185
5	2534625	1.9935710058651244	3.8275376174467266
5	2534669	1.955544586427929	3.799609088534066
5	1318168	1.962252596476305	3.8948327705082444
5	2534197	1.9978723451690181	3.848130420941578
5	1318094	1.9223672429968444	3.809209233204044
5	2534251	1.9688255407217665	3.859424019100391
5	2534211	1.9760559882798818	3.843569392634062
5	1318121	1.9032675408435382	3.7745837986875963
5	2534473	2.0108492993657405	3.8307859133192688
5	2535125	1.9619380891290537	3.7954114533686227
5	2534844	2.083670908143782	3.8465819096703284
5	1318038	2.007869940963766	3.82788306100598
5	2535061	1.955416377285843	3.936351382858134
5	2534175	1.9640576013429691	3.8752436734975433
5	2534626	1.9907827813455743	3.823529382761598
5	2534554	1.9771558786859302	3.8319302255241174
5	2534576	1.954155602822233	3.848421104566919
5	2534431	1.9688528559851104	3.8275328543040747
5	2534432	1.9468230353891938	3.8173560946179474
5	1317885	1.9275818232702022	3.8353948926563617
5	2534433	1.9728131318224873	3.8210335171803855
5	1318070	1.9519559851321777	3.8024051278317508
5	2534282	1.9536516174499485	3.86107446736382
5	2534861	1.9741152598181217	3.836121554442222
5	2534953	2.007805944392503	3.85319923463967
5	1318006	2.024440769138086	3.812150789725895
5	2534540	1.9615035753517425	3.8603814344742404
5	1317867	2.08422180638946	3.7978236850464424
5	1317827	1.9684744877374551	3.818487988042931
5	1318146	1.9904277414482805	3.899294507392123
5	1317871	1.940574317367559	3.8253890332897904
5	2534855	1.9634170926216177	3.8212859172009597
5	2534880	1.9886346402829709	3.8600287713094286
5	1317973	2.0955902724081477	3.8185658928192927
5	2534193	1.9477253771644982	3.855072436368517
5	1317972	1.9752029807067648	3.8209359687183126
5	2534198	1.9971406922071562	3.854598343007079
5	2534663	1.968095258853651	3.8019242000410176
5	1318126	1.950418592184457	3.7845408816011172
5	2534627	1.9889404576619971	3.8354637218721326
5	1318156	1.9403900975373447	3.896076356853577
5	1317981	1.9710727894378668	3.827663138080418
5	2535198	1.9662132338811387	3.891990213313835
5	2534925	1.9622812946409542	3.8392310112860337
5	2534361	1.9701137145652163	3.867589170139981
5	2534931	1.9553822965563894	3.825271055847086
5	2534944	1.9912779561024623	3.8287275152110944
5	2535112	1.9706332007676945	3.875782780112687
5	2534570	1.9787421091319277	3.8715644772272166
5	2534875	1.9891716752637867	3.827543945171512
5	2535184	1.9538599250795508	3.8811692792895434
5	2534856	1.9642386325699233	3.820556463855546
5	2534317	2.027966469576764	3.8327106325844063
5	2534318	2.014891174621228	3.8263372120965027
5	1317989	2.0099052617280013	3.816279922423402
5	2535007	1.9468576980042658	3.7922520846702517
5	1317967	1.9993479370922116	3.836703639218606
5	2534252	1.9753591624128775	3.8735904028571513
5	1317969	1.9607734236300285	3.82074063479724
5	2535175	2.0228661759265103	3.8513922272998027
5	2534757	1.9764401296818295	3.830063395903618
5	1317934	1.9956920370758047	3.8219113630838253
5	1317984	2.0204388957108192	3.8155884097684485
5	1318001	2.0039319948519227	3.828035984589812
5	2534185	1.960693857788409	3.8577309112693277
5	1317909	2.015516564153398	3.9030451291597994
5	2534319	2.0021483002769647	3.829277944263447
5	2535211	2.0052554782829826	3.866878710745685
5	2534474	2.007611001687465	3.8350948096316464
5	1318162	2.0174541844596727	3.860694974622739
5	1318147	1.9293132165695661	3.8149965585101033
5	2534733	1.9823471915831077	3.831312631991081
5	1318227	1.9927827897501802	3.8385332223720225
5	2534972	1.9548879338179255	3.920060888874898
5	2535195	1.9228211664105437	3.8438676054053573
5	2535173	1.944329500937633	3.7836852208693985
5	1318184	2.0173492364062366	3.8454413522700026
5	2535212	2.0553473046781043	3.7652771780195033
5	2534945	1.9914757607599036	3.826810615039787
5	1318005	1.9424984733127724	3.86156451095468
5	2534954	2.0104661883841928	3.8561623647487333
5	2534320	2.0033735111387934	3.823651377517542
5	2534541	1.9654176412591227	3.8619930869271992
5	2534475	2.0191088853682624	3.8269087116227563
5	2534571	1.9775960397119268	3.8673354550696484
5	2534434	1.9764435733097325	3.821741890827362
5	2534926	1.95933495638924	3.8339863015664957
5	2534785	1.9281220574680482	3.8043001703000194
5	1317916	2.047197736287157	3.8928184603397002
5	2534577	1.9361825087250288	3.8657837468846865
5	1318022	1.9923400610107167	3.8100706046415462
5	1317844	2.000681903914506	3.790811383592165
5	2534231	1.9793020246720783	3.8612403799986916
5	1317982	1.8968916442408696	3.9030044380722773
5	2534321	1.9947122667628399	3.8264162053384774
5	1317875	1.980082753175523	3.8322549553025773
5	2534362	1.9738313071782818	3.8735756888906763
5	2534628	1.9974274426160366	3.823837802318764
5	2534876	1.9868753220545388	3.825831240618024
5	1317986	2.006752596747418	3.856067031299829
5	2534629	1.9949619539483494	3.829741011140924
5	1318203	1.9936627137508094	3.8160956633420278
5	2534435	1.9500599853695104	3.798191364957174
5	2534865	1.9782269504894434	3.840743792802205
5	2535021	1.969546358638609	3.9013645187987387
5	2534758	1.9731601617116747	3.83028412527124
5	1318123	2.01383876009119	3.790722387092039
5	1317914	2.016362307683515	3.9125479781934396
5	2534436	1.966533162179627	3.81925070698225
5	2534917	1.996689990730072	3.821584820452788
5	1318144	1.990903150466484	3.8111621669993703
5	2534232	1.9738546021973005	3.859608235049866
5	1317911	2.056318515927219	3.9243417472774897
5	2535187	1.87643122192092	3.8504510196867
5	1318028	1.9640172830849822	3.886551660832855
5	1318042	1.879774822736399	3.845354158668586
5	1317908	2.0168204431246304	3.9192155319080237
5	2535120	1.9656265436896212	3.881828455210878
5	2534991	1.9914423148014482	3.7831722542329222
5	1317815	2.0398997426679104	3.869052802882802
5	1318127	1.9633971010375622	3.803492290403779
5	1317932	2.020012384935877	3.831249347296822
5	2534363	1.968466797052993	3.8673602306573556
5	1317945	1.9589621236627763	3.848626412496092
5	2534437	1.968816833513556	3.8199168970716713
5	2535008	1.9329936768735951	3.7883213027539204
5	1318216	2.095888388879613	3.845140787518298
5	2534794	2.017379781769396	3.867997891977595
5	2534233	1.9763514208762185	3.8650219379814246
5	2534630	1.998865073167841	3.8197677389097184
5	2534631	1.99056575490917	3.843852841945248
5	1317889	1.9629101891085163	3.829419345864839
5	2535128	1.972690486169479	3.79936793169141
5	2534438	1.949520741047104	3.7992772873369702
5	1317826	2.0868853884348932	3.8503493167665663
5	2534439	1.9540492156569602	3.8182655018402882
5	2534476	1.995496072761501	3.8315094396502536
5	2534322	2.002418269496997	3.825300122078964
5	2534591	1.9765656127079374	3.8368789807145833
5	1318170	1.9710538941034086	3.8903121237551432
5	2534897	1.9653010283225896	3.8439731825702927
5	2534664	1.9610955021831795	3.807669701163633
5	2535126	1.9597889859950464	3.794385293857825
5	2534650	1.9823708299849603	3.819495219120565
5	2534632	2.000318582026663	3.8272913725997966
5	1318213	2.0577417228816395	3.859539248686418
5	1317882	1.9471809865149297	3.8084674381227703
5	2534867	1.9841908088875466	3.8457609329932256
5	2534700	1.9822639486452895	3.865404348645112
5	1317905	2.0932955095863903	3.8275221645063064
5	2535166	1.9484951930402827	3.875525977222375
5	1318044	2.0247803111424716	3.8248276518956765
5	1318122	1.9847163593638628	3.7369272818577772
5	2534831	1.9887647727180342	3.832927602284809
5	2534651	1.9843502170907148	3.8230351654853783
5	2534440	1.9654459426379778	3.821605741583339
5	1318116	1.9267979548828436	3.809720921002488
5	2534555	1.9636286710011595	3.8245965509961817
5	2535051	1.9635592559705213	3.876589808941009
5	1318014	1.977805392937338	3.8489877894073725
5	1317917	2.0216302059417823	3.86653980990672
5	1318004	1.9507090513287324	3.8339664118840773
5	2534212	1.961105377955568	3.843310450708999
5	2534477	2.0189618605687625	3.8251788974001824
5	1317870	1.98388558511723	3.871694236765512
5	2534478	2.0058446910939938	3.8343084984625784
5	1318043	2.0144080532040127	3.841658463776462
5	2534633	1.9828451358738322	3.825073791042305
5	2534766	1.9690227164402012	3.834517542583186
5	2534734	1.9718466302410678	3.815997667335869
5	2535104	1.9680621308418227	3.88085640942015
5	1317873	1.9595222642307175	3.822194744451709
5	1318079	1.9325150234814161	3.7974029839449206
5	2534205	1.9630559720475507	3.83718957282942
5	1318129	1.9559979685088624	3.788311891130471
5	2534364	1.968779029747736	3.871140670775695
5	2534955	2.008604795403176	3.854402107221487
5	2535213	2.057032784724465	3.7617223090354703
5	2534542	1.9599929835798278	3.854041078902931
5	1318124	2.037511967813795	3.8199555707145976
5	1318082	1.9315853668237148	3.956752686331339
5	2534735	1.9668135916008267	3.8147804972510575
5	1318222	1.9562263828515833	3.837978391546909
5	2535179	1.96118995619858	3.882179192519992
5	2535131	1.9907683273414398	3.8345190997870344
5	1317829	1.9728324116775569	3.962562756674555
5	2534898	1.9612897737225934	3.845932542437695
5	2534517	1.9918249034689552	3.914245707046148
5	1318047	2.025688553384825	3.8522294494273117
5	1318067	2.019447303784897	3.8555369062243856
5	1318023	1.9714735786226785	3.871913139496659
5	2534832	1.9862239599687619	3.82938145227694
5	1318154	1.949359265018583	3.8913911949492794
5	2534805	1.9883988145690232	3.862977017421045
5	1318087	1.9576266240125677	3.7612757285328096
5	1318071	2.0172709754971403	3.8348608421623407
5	1318140	1.9690400566690736	3.800979293061288
5	2535232	1.9287664222789789	3.759034124350933
5	2534833	1.985545675950786	3.8274275161030187
5	2534759	1.9753614237899473	3.8334146943453127
5	2535147	1.8887739239234376	3.903463756900588
5	2535015	1.9319473464839543	3.8026773216941057
5	1318219	1.9535418185193838	3.8249912966000816
5	2534736	1.9812695113806733	3.8369571411892416
5	1317920	2.0256181160680997	3.9287007173342334
5	2534365	1.972696736463041	3.8740205207042697
5	2534634	1.9885118351829112	3.8239956353009354
5	2534906	1.958933738889108	3.8145950043757253
5	1318194	1.9421453348599134	3.740580816771065
5	2534670	1.93697875105611	3.803759938842639
5	2535192	1.9299387405243893	3.8573132619730837
5	2534760	1.9876354630413673	3.8246721112503432
5	2534635	1.9794784399094907	3.8314844929442473
5	2535113	1.9694349747327342	3.8805821932233147
5	2534499	2.054626563519121	3.857713177766392
5	2534441	1.9599412627362012	3.841048201247308
5	2534737	1.975137317984036	3.823402643579231
5	1318229	1.9678144827105573	3.815809386166272
5	1318113	1.9733977632231892	3.8169121077766475
5	2534881	1.9938660354759477	3.863369667143353
5	1318181	1.9374146591457386	3.773255366159624
5	2534834	1.9865762661212514	3.8303522821006037
5	2534655	1.9877940168366366	3.8373797676423322
5	2534220	1.996141887112491	3.8243519997692275
5	1318084	1.9556472053621017	3.878481193876645
5	1318169	1.9689330883341394	3.863930823573419
5	1318142	1.9551742127577172	3.821484907138727
5	2534889	1.9637532485078715	3.834982973622325
5	2534366	1.9676236296974106	3.8233416958335122
5	1318228	1.957318423304484	3.852177312311535
5	2534206	1.965287887099255	3.8385962101426543
5	1318145	2.0097591142814677	3.861221355414258
5	1318183	1.9496717777462946	3.8164426374747835
5	1318220	1.9852993104419914	3.83833592184709
5	2534806	1.993874420964151	3.879362480658313
5	1318179	1.9307539138807044	3.7765751742602145
5	2535130	2.002002853506417	3.823109729559232
5	2534818	1.9896687279555776	3.8463371759911213
5	2534835	1.9875032108525805	3.8306451742418988
5	1318186	1.8785507727985995	3.8191580091043624
5	1318148	1.9459399619810755	3.815080750842926
5	2535141	1.971598346794438	3.792960323812178
5	1318206	2.0257989259111944	3.8010288038773923
5	1318182	1.8868020082648351	3.858015854804579
5	1318223	1.9666514885339728	3.831759667130201
5	2534877	1.9712921715950078	3.824464696305395
5	2535194	1.9102732595277174	3.860464042653697
5	2534882	1.9824425900103322	3.8593344769793796
5	2534595	1.9667101404569771	3.8330387211578136
5	1318208	2.026735968452169	3.8167092924676287
5	2534738	1.9694951202350635	3.828348017579449
5	2534186	1.9596543557860147	3.856403986888663
5	2534656	1.989021138393328	3.838514191372222
5	2534739	1.960052212487555	3.82642217820355
5	2534665	1.9707820346625802	3.826896523015412
5	2534888	1.9619966427049218	3.829421526602693
5	2534740	1.9607052092343773	3.830176423614729
5	2534973	1.9627369648683362	3.9028344505026547
5	2534442	1.9696854992677952	3.8243252687292784
5	2534636	1.986050149219923	3.831319913620479
5	2534836	1.9870241642806519	3.828134788129686
5	2534597	1.964509921539635	3.83210939828257
5	2534974	1.9489631277555122	3.9263774317172855
5	2534443	1.9505325388578485	3.8022921549797255
5	2534163	1.99388245063796	3.8421748206219313
5	2534380	1.9570410548502584	3.8262387306297483
5	2534741	1.9591541275510411	3.8307759803264734
5	2535127	1.9603706899319788	3.790872265796356
5	2534367	1.9808436953012403	3.839998008310995
5	2535142	1.9667697001363236	3.8372886690594608
5	2535105	1.953052366799516	3.890158553813508
5	2534556	1.9551807777455903	3.8407544888299565
5	2534742	1.974086566303382	3.8254541248486182
5	1317948	1.9902600402706205	3.836214517195481
5	2535150	2.019045531215962	3.8069342457919544
5	2534819	1.9977011327447511	3.8194069298310365
5	2535079	1.9462919643825003	3.9298136696056183
5	1318050	1.9565715485332795	3.887050581096531
5	2534283	1.958201654899748	3.8607644350862844
5	2535038	1.9896603302926288	3.869342489077862
5	2534176	1.970658148116231	3.873764609756417
5	2534444	1.9446920085192194	3.8124341134048465
5	2534445	1.9476205488410414	3.8125695260960657
5	2534743	1.9782902690164637	3.8338654524182414
5	2534323	2.0132304184630914	3.815781406565883
5	2534637	2.0017516332617586	3.8214227251061477
5	2534578	1.9382905687524445	3.8684903160818997
5	2534956	2.0063531751603385	3.853556923466459
5	2534530	1.952178603435821	3.8659700022850165
5	2534504	1.998958345023056	3.892694278961236
5	1318041	2.014054039729457	3.8180332851156744
5	2534790	1.9375674212010952	3.828148313007625
5	2534253	1.967406557842265	3.8626760076466855
5	2534254	1.9818688257528259	3.8628335973830352
5	2534839	1.9816270507629672	3.9120985833605624
5	1317895	1.9854600173635908	3.81070916907053
5	1318095	2.014155437992616	3.813016693464703
5	2534826	1.9813776157657483	3.827850555465551
5	2534688	1.9827950825804503	3.833969341855062
5	2535052	1.9686975007476286	3.884960016963199
5	2534557	1.9534491794458684	3.843517629169986
5	1318136	1.9584586466191543	3.8928860824149507
5	1317874	1.966980041621316	3.820121435734027
5	1318058	1.9536777921782142	3.948634589555867
5	2535163	2.0199441616921354	3.8171826356933876
5	2535089	2.021796136050562	3.8091503200615295
5	1318054	1.9869620417135048	3.879264627299122
5	2535237	1.9349063220470417	3.8124563789934234
5	2535199	1.9745586941231754	3.8883832834046843
5	2535087	2.0094300012288624	3.837630015661636
5	2534446	1.9625667419259638	3.820258292066912
5	2534284	1.9584232025706014	3.8647044810898747
5	2535070	1.9482678302587448	3.9314454379750656
5	2534368	1.973592638976396	3.8669785758803252
5	2534638	1.9860409086914614	3.8234897956745653
5	2534479	2.005926324949132	3.835496746032654
5	2534255	1.9804102428364616	3.8625432879571813
5	2534480	2.0087474541891335	3.8358718953986184
5	2534744	1.9756420068659528	3.817975215306527
5	2534983	1.92913744965703	3.776084325244811
5	2535062	1.9586652277624794	3.9341418349260513
5	2534447	1.9471906714745846	3.813870093828043
5	2534481	2.004804416958296	3.8245881846327636
5	2534984	1.9200119899258223	3.762177395039138
5	2534531	1.9527130181585366	3.8627335259113424
5	2535071	1.9490431279521152	3.9304062255064167
5	2534827	1.9790148629728905	3.832668321168891
5	2535009	1.9340450073138213	3.786879903951568
5	2534482	2.0118454323138737	3.8298681690606498
5	2534927	1.960971509975533	3.8376063910979323
5	2534948	2.009155363067002	3.8462044997540037
5	2534959	2.004624873177845	3.860967481639173
5	2534862	1.9767172180768813	3.8358256476280164
5	2534639	2.000975233021167	3.8305129243890677
5	2535063	1.9592625102972552	3.935792610736082
5	1318063	2.003876025485874	3.8212330704284585
5	2535106	1.9630767796622184	3.8819944198116287
5	2535016	1.9312188654546152	3.806102784987515
5	1317985	1.935119323578916	3.7974393600190823
5	2535107	1.965528726032466	3.8784301302909117
5	2535161	2.0195006118247436	3.803149091821545
5	1317876	1.9733402413745533	3.833083644622336
5	2535072	1.9522759116035429	3.9275060623260902
5	2535017	1.932613532002367	3.8049650808220195
5	2535027	1.955546884539374	3.939089874075901
5	2534911	2.0046732467458224	3.8176159810522585
5	2534483	2.006360257880859	3.8227002718167227
5	2535028	1.9572617851516165	3.938892193390843
5	2534448	1.9564497317918819	3.8028411127849484
5	2535064	1.9577830665413316	3.936413795110503
5	1317864	1.9856764833441685	3.819106442948781
5	2535035	1.9316223353592668	3.7870567247636577
5	2535018	1.929723712653109	3.809470273083232
5	2535047	1.952694476881986	3.936064742523519
5	2534449	1.962570635282043	3.8255740575576325
5	2534811	1.9232831737893166	3.8210393835605223
5	1318133	1.9578911966975723	3.8032014710572044
5	2535029	1.9542413588836762	3.938904813383824
5	1318138	1.9283476911338648	3.785192909104414
5	2534285	1.9549957592756475	3.8608193188683395
5	2534689	1.979011657314187	3.8684433810861534
5	2534221	1.9886415153056243	3.834311046989466
5	2534286	1.9615890404534149	3.864352296545782
5	2534786	1.926514184096341	3.803897093450296
5	2534640	1.988255073995605	3.8221700690853666
5	2534287	1.9576194124276147	3.8619367698084743
5	2534666	1.9722109330704602	3.828049234844833
5	1318221	1.971682359837906	3.8470384085188862
5	2534288	1.9545718747279939	3.8623926631676464
5	2534187	1.9611212161785263	3.8563377983006846
5	2534289	1.9646165320592848	3.857254155893029
5	2534256	1.9721196673702783	3.8588222498420572
5	2535010	1.9295898139909473	3.783286615265796
5	2534450	1.9515123862374353	3.8011652584253195
5	2535026	1.9426211571185736	3.7816084464832262
5	2534257	1.9708463984590396	3.8596637818597057
5	2534840	1.9798196759839175	3.912797239998743
5	2534769	1.9642885192025306	3.833402214835451
5	2534451	1.9483515514332237	3.7995641747768025
5	2535065	1.9610240186725587	3.9426945560809146
5	2534452	1.943418196022438	3.8133038721119004
5	1318233	1.9529663933986823	3.939446477106703
5	2534701	1.9674435370427032	3.89400290940507
5	2534484	2.0050028835264015	3.8260170087586354
5	2534290	1.9765167017348746	3.852575750090376
5	2535073	1.9522201498037035	3.9257748616615324
5	2535222	2.013078853108294	3.855843993640276
5	2534845	2.084572393538726	3.848351705152489
5	2535228	2.071220187083307	3.8649736270231734
5	2534324	2.003738781246285	3.8265692565210907
5	2534985	1.9284139037662522	3.777493312345839
5	2535066	1.951518802140633	3.9395152152888584
5	1317971	1.979348880049684	3.884419105147158
5	1318211	2.002496419417436	3.7605197655847933
5	2534258	1.9736257069531258	3.8628875524720625
5	2535020	1.9354288063534457	3.869505278361236
5	1318134	1.9349078026794866	3.817402007725172
5	2535108	1.9511788189335195	3.8928941029390867
5	2534214	1.9883858376557395	3.909893479869272
5	2534975	1.9485795098830294	3.9222277122032443
5	2534500	2.0640833074185525	3.852426287670344
5	1318048	1.9085800569464875	3.9320284719064658
5	2534641	2.0012045870734445	3.820506125888583
5	1317957	1.9647364716538323	3.898793526523745
5	2535080	1.937081652520273	3.943149719706886
5	2534234	1.9747043698365738	3.869490360972154
5	1318197	2.014937204572448	3.81327011648232
5	1318099	2.0703333974405798	3.8627731776955616
5	2535067	1.9501956820089312	3.940395968496284
5	2534914	1.978847049286901	3.8116094001115046
5	2535030	1.95436125103031	3.9373483039422763
5	2535221	1.9909038275564022	3.897282337350652
5	2535215	1.9452469244929738	3.8889177464788895
5	2534325	2.007067810524633	3.81438009926258
5	2534642	1.9973119706382294	3.830477335602055
5	2535109	1.9590727409222488	3.888905215247986
5	1317901	1.9662833774239197	3.829093272569485
5	1318202	2.0123271606232325	3.807287227991256
5	2534369	1.9794265829720143	3.8372569803016314
5	1318091	1.955887373226062	3.9108696195563764
5	2534918	1.9879014909827293	3.81607722447383
5	1317964	1.9602040285416928	3.799370827208046
5	2534643	1.987017297173162	3.8270515360409854
5	1318018	1.9500294510160798	3.842601020129747
5	2534899	1.977786148209011	3.842190872051528
5	1318131	2.101483549998932	3.8344043322402275
5	2535084	2.0193047708295864	3.821404342576517
5	2534291	1.9663980951111497	3.85952327615277
5	2534928	1.9590264844484422	3.835341480988626
5	2535217	1.9908866439746142	3.8718983309540143
5	2535154	1.963297038594562	3.8900994166822165
5	2534235	1.9701832193430826	3.8577441702279525
5	2534453	1.9533022082885396	3.8106268135260923
5	2535053	1.9627008481761894	3.8855293104348583
5	1317892	1.962342680231736	3.8317166079420866
5	2534370	1.9763829241862219	3.844659327732677
5	2534644	1.987500822475989	3.8216827634795596
5	2534454	1.9552598487755528	3.803559543466712
5	2535011	1.939183366599509	3.791367477129451
5	2535227	1.8750338279383243	3.8765090133205993
5	2534292	1.9545079946858441	3.8592928793413983
5	2535033	1.9454309263779237	3.782665624588714
5	2535068	1.9523930706870054	3.94131221104905
5	2535207	2.04049931837478	3.8330302847032605
5	2534532	1.9507826324606103	3.8608510650244874
5	1317840	1.9806016091896375	3.8330809940005532
5	2535024	1.9452263358535833	3.7943878842575196
5	2535048	1.9516201763797647	3.9380584329934805
5	2535034	1.9381817191202828	3.7766285441744873
5	2534986	1.9159674913316003	3.766225974495536
5	2534579	1.9374622071888146	3.8669518715568043
5	2534455	1.9593666820262339	3.801083358867541
5	2534456	1.961025744132952	3.8061731268633414
5	2534690	1.9764798031089839	3.846600998999428
5	2535049	1.9510413967113507	3.9315231232161243
5	1318210	1.9971716218570035	3.781001101137764
5	1318034	2.006238319747509	3.8237420592651357
5	2534993	2.000661415752812	3.80271651960068
5	2534199	2.004539095549349	3.8469971409808794
5	2534533	1.9481084489969818	3.8638899299202967
5	2534645	1.9963977087489415	3.8161510769495983
5	1318159	1.9288117220754304	3.79264226268383
5	2534164	2.004227980649429	3.8509272509175663
5	2534326	2.007589555550271	3.8149149688163395
5	2534987	1.9180646542467281	3.763907356416106
5	2534584	1.9461352489016772	3.8631580081446635
5	1318225	1.9520627327228015	3.867759249416312
5	2534329	1.9966904703015695	3.8643923995683753
5	2534491	2.0531003650107924	3.845976969775271
5	2535039	1.9819212757078262	3.8724434001625294
5	2534188	1.9604592207954836	3.859229300047178
5	1318101	1.8867964981481695	3.869653425172874
5	2534457	1.9656411298079337	3.8237396902189733
5	1318151	1.9544809467942084	3.8061259987194633
5	1317927	1.9688056252987074	3.826850427131056
5	2534745	1.9755631764479213	3.830604023328807
5	2534837	1.9695131938511146	3.8624952035309157
5	1317890	1.983279507926382	3.8281055525426875
5	2534189	1.9541315366447602	3.854183407197087
5	2534534	1.9609637164150895	3.8631612613185693
5	2534200	2.0033274971597823	3.8475799179848043
5	2534177	1.9742256147619126	3.871717913848047
5	2534853	1.9897556209437468	3.8166835820551817
5	2535190	2.029792924448494	3.8259451642062206
5	2534846	2.080601032785287	3.8479380351602166
5	2534815	1.9948414859733197	3.8576256051648596
5	1318212	1.9174020821276982	3.935653127112356
5	2534222	1.987918458163784	3.8333998601154544
5	2534489	2.007106420581944	3.8341288051222144
5	2535121	1.9543047672418037	3.879058827257494
5	2534795	2.054662551436086	3.8639513262033724
5	1318017	1.997490798814127	3.8573663250650205
5	2534878	1.974416260029783	3.8337031444068574
5	2534236	1.9783056694741907	3.865714312370996
5	2535082	1.9447926892373144	3.9285571885733668
5	2534863	1.9718954200407381	3.8489545065978894
5	2534667	1.9663044517000587	3.803210774937064
5	2534587	1.943360832617499	3.8686844384116266
5	2534976	1.964979994533835	3.904108707650482
5	2534807	1.9895550049109536	3.8639763969137872
5	2534293	1.9702371856511467	3.852601132069626
5	2534140	2.0025718082258237	3.875871722897669
5	2534929	1.9720189834414417	3.8414136089822706
5	2534458	1.9579589464031129	3.8019228470742688
5	2535180	1.9539979990118526	3.872866251276782
5	2534510	1.9840023704805896	3.9235709124751184
5	2534371	1.9711103254845252	3.845452579375648
5	2534178	1.97303512189646	3.8723362102138275
5	2535040	1.9862011714986834	3.86675351161806
5	2535110	1.9641688137024103	3.8826378306576825
5	2534372	1.9570349776224087	3.8705283831354635
5	1317976	1.9893811866804023	3.814055276821807
5	1318078	1.9422281386774127	3.796175352026271
5	2534165	2.002319946435811	3.8526837755956143
5	2534808	1.9814358471414264	3.8699022404588437
5	2534646	1.9953336061477025	3.8168456953118874
5	2535074	1.9506737872986046	3.9256282902154567
5	2534809	1.9908854288659932	3.8632693792233113
5	2534934	1.9647810708973292	3.8530216837572757
5	2534459	1.9442403642835708	3.81085271939551
5	2534957	2.0057531000676305	3.8584504694561943
5	2534166	1.995793764510057	3.8485779851182422
5	2535091	2.011918628338797	3.8087256813901624
5	2534373	1.9755112876097356	3.8452697669473737
5	1317929	1.9645892527034599	3.8265487515476018
5	2534746	1.9646917510632724	3.835715856507045
5	2535185	1.952618597881244	3.8822960502992103
5	2534167	2.0067879719627735	3.8428703688972865
5	2535165	1.9335763996419821	3.8547422700248983
5	2534512	1.9844309986773434	3.949638582005159
5	2535201	1.9659941947858572	3.898112733199666
5	2534977	1.956508755733498	3.927296734434265
5	2534930	1.9602442109206288	3.8367528387247862
5	2534535	1.9496610268478616	3.8643539870101336
5	1317865	1.9558570299699085	3.7978901804693774
5	2534647	1.9978935376930538	3.82084844200205
5	2534374	1.9656157313888751	3.8718824029704337
5	2534375	1.9748563465378868	3.844313975062061
5	2534648	1.9999461698314194	3.8285249180727976
5	1318158	1.9453177686922927	3.809199971672185
5	2534949	2.0073748904493565	3.8467275479166503
5	2535167	1.9621833329624832	3.8793236674288707
5	2534978	1.9570477623720677	3.9286438691902204
5	2534190	1.957228649442648	3.849729672814609
5	2534215	1.9878326841342284	3.9112945098569054
5	2534294	1.955235592338552	3.864396041160686
5	1317931	1.9844176100259272	3.8056151184457514
5	2534864	1.984609005473965	3.8521221323609747
5	2535041	1.9820428508997214	3.8709815714607694
5	2534223	1.9899092152778104	3.8329729647535995
0	0	2.0056905145015604	3.8792562588199284
0	1	2.0190829100853636	3.848809320929971
0	2	2.021371232599366	3.8470603219602038
0	3	1.9947639339328782	3.8713516517899422
0	4	1.9988502555422332	3.8438998568102405
0	5	1.9730740546713326	3.881589614076764
0	6	1.9786262729607815	3.9204969052650465
0	7	1.9775031703355581	3.8979092287147856
0	8	2.0260931763866195	3.8750962841845027
0	9	2.0285901784237277	3.872043777267275
0	10	1.957049301112388	3.8562362778790176
0	11	1.9538867092863568	3.8562156182383656
0	12	1.9562000519641805	3.851306197901811
0	13	2.0022167451949753	3.8508894549184842
0	14	1.9953151893389924	3.8690009048530047
0	16	1.9937721039276668	3.8482159828264018
0	17	1.957321219143349	3.8374093775117095
0	18	1.9633994178910834	3.8384620666538125
0	19	2.018035554001858	3.8473238823759583
0	20	2.0208082671796226	3.8424096835508608
0	21	2.0221877864916866	3.845362538602315
0	22	2.0173245885827282	3.849268996825336
0	23	2.01807970422715	3.8440680118074337
0	24	2.0154240415443083	3.8489222266195062
0	25	2.0196574527173783	3.8413091684361897
0	26	2.019833594877247	3.8473455255056273
0	28	2.0202779798698436	3.839955252765757
0	29	2.0198347652928144	3.844024419522736
0	30	2.021560364601732	3.8438906338035888
0	31	2.022514378561641	3.842478380910729
0	32	2.018917760303092	3.8457842575289845
0	33	1.9822417563358052	3.9032940807179397
0	34	1.9793834757668756	3.9359251384944476
0	36	2.0164927763268516	3.847484448765914
0	37	2.015432233139907	3.8461687748259914
0	38	2.020477219722057	3.845486129331556
0	39	2.0171416576481005	3.8424269150884363
0	40	2.0160925019956917	3.844299021788441
0	41	2.0181400300631527	3.840498088976061
0	42	1.988344796059775	3.828498007678068
0	45	1.9839832694177642	3.8878643646296425
0	46	1.9960405844948816	3.8228837146125545
0	47	1.9766887003019458	3.8578198701629995
0	48	1.963148194550933	3.850340434657137
0	50	1.9891191635167236	3.8510905983413157
0	51	2.0220097975798788	3.840833509059194
0	52	2.0927743267335313	3.873096418197225
0	53	2.09304848972183	3.8774347640022024
0	54	2.097584161403418	3.87710329640016
0	55	1.9759149463990875	3.8571083094135012
0	56	1.9647767593369814	3.859196490968824
0	60	2.0131857762912415	3.884750308574062
0	61	2.0079860621799375	3.8247971037312474
0	62	2.0304016645379277	3.8557590205559062
0	63	2.030285027760155	3.8584236749875753
0	64	2.030349925360685	3.8531822759928365
0	65	2.031593822421429	3.8569916269665554
0	71	1.99243776206164	3.860650890076903
0	72	1.9693565379520142	3.8609790627555935
0	73	1.9635101158212787	3.872834165218019
0	74	1.9694024623003794	3.8781466339781514
0	75	1.9543960636152768	3.842957721615598
0	76	1.9612093937343746	3.8162344457905317
0	77	2.0060662721700053	3.8251589143773663
0	78	1.999611480274983	3.840771332871154
0	79	2.01013124601697	3.832537761277573
0	80	2.0397772041033027	3.8422345134287506
0	81	2.0602851302284786	3.842775721543162
0	82	2.0608450496280852	3.8448175963886784
0	83	2.055910914788636	3.855158954709715
0	84	2.068715081072668	3.8526277042599486
0	85	2.057269003126267	3.861630884336923
0	86	2.049483784459525	3.859444725351653
0	87	2.04471266330488	3.8682567738403324
0	88	2.0279510687348643	3.877392233744648
0	89	2.008973478977665	3.887770083319907
0	90	1.9877606704952364	3.892349872229289
0	91	1.9856416056794595	3.9144448467839346
0	92	1.9864698118397668	3.9316796115251464
0	93	1.9865192214782463	3.94535698565555
0	94	1.9873557748166042	3.9478784401689886
0	97	1.9932273382564167	3.906112874235963
0	99	1.9912604687074797	3.8617337663833378
0	100	1.962644143799696	3.861987883572824
0	101	1.983506851498639	3.8804265634005786
0	102	2.023040508097574	3.8785652745090116
0	104	2.004749715904789	3.8845375803279762
0	105	1.968338550330918	3.8534740820640168
0	106	1.9646052456333836	3.8382366328557542
0	107	1.9757807723440715	3.840003899575152
0	108	1.972031035328153	3.8324266179270436
0	109	1.9731080399754777	3.837108195791113
0	110	1.9778672385495768	3.8624882530526694
0	111	1.9557563171402967	3.8417911026742546
0	112	1.9920207818685467	3.843868420917202
0	113	1.9664498188297208	3.8564375383406078
0	114	1.9692886932351634	3.8494343583538937
0	115	1.9442320665255335	3.8628294530194527
0	116	1.9372273905623894	3.8623005628886737
0	117	1.9535352612772086	3.8635980557435787
0	118	1.951087837394392	3.8634539914614097
0	119	1.9770034950259765	3.8347547521703915
0	120	1.9652251946898813	3.847245697574815
0	121	1.9733287786079978	3.8311618498492637
0	123	1.971340653715954	3.8566876522511744
0	124	1.9724629234776068	3.8558449481281443
0	125	1.9764999468957634	3.8254274260574315
0	126	2.0076962464938717	3.8562328233725314
0	128	1.9680154734391484	3.8284653591979017
0	129	1.9675956382355178	3.8350464011503633
0	132	1.9618002213279921	3.848909928933674
0	133	1.9588598815557419	3.8501358308556557
0	134	1.9797498550527222	3.842473194377847
0	135	1.9898815969537107	3.825876256631322
0	136	2.004232266918213	3.8348930900743734
0	137	2.0038622435977533	3.8316708435208926
0	138	1.9978519918068087	3.8494706762988793
0	139	1.997715288994243	3.838850533144752
0	140	1.9866331726385258	3.796925591852937
0	142	1.980694697246311	3.875493372064791
0	146	1.9938502095616488	3.8461986200616116
0	147	1.991515586539444	3.8450426370410495
0	149	2.035190303838767	3.809715960484292
0	150	1.9586645129298563	3.8269033000941777
0	151	1.9680100082770655	3.8174365532681045
0	152	1.9468346236557283	3.8250201597255082
0	153	1.9504937306771626	3.807012891348133
0	154	1.947119791717364	3.8231672095986173
0	155	1.9759685133707379	3.819615636031947
0	156	1.9857518174454278	3.8446495490226624
0	157	1.97829615559055	3.864404908899349
0	158	1.9910280285650321	3.83227881441039
0	159	1.996076746852294	3.828609006098433
0	160	1.9726970413770106	3.8287541946641466
0	161	1.9825009772933393	3.825988957425885
0	162	1.9919244231807962	3.850857748490894
0	163	1.9723811002883493	3.833083460983367
0	164	1.9725590148932928	3.8315918520872403
0	166	1.9668318942734808	3.8608932241683513
0	167	1.9348634418464774	3.8112621254546797
0	168	1.9465160895428133	3.8297763360743398
0	169	2.0452090881644938	3.84940513926611
0	170	2.0248191143466134	3.8463981954199116
0	171	2.041453785460571	3.8513723634783514
0	172	2.04284731320003	3.850092176859617
0	173	2.041312865441483	3.8659035625147715
0	176	1.9927398368687883	3.8680124347181186
0	178	1.9318063836651234	3.8195691047059763
0	179	1.9894428986977097	3.8500545782137148
0	180	1.993763950612077	3.8234989301017164
0	181	2.003636573357253	3.8148716323293717
0	182	1.9889483153659804	3.8251013918914105
0	183	2.006326501439758	3.818373624282799
0	184	2.0046922347788767	3.8231508528315588
0	186	1.979952795294797	3.83855277131951
0	187	1.982233084798067	3.837170933117222
0	188	1.9760244455395402	3.849666277085595
0	189	1.9651055960175274	3.850637882210524
0	195	1.9648806483929964	3.8770999877076813
0	197	2.086481854985351	3.838051196736146
0	199	1.9778714413602652	3.922852932027509
0	201	1.9791581561321518	3.9039998611316866
0	202	1.9880509187807207	3.9172981117714065
0	203	1.9890606630139858	3.9139528896265876
0	204	1.967628911888468	3.8582101190506672
0	207	2.089160386053918	3.838009314352672
0	208	2.0868463809479936	3.84603428369995
0	209	2.073555321645125	3.8490040133152776
0	210	2.0886201580836072	3.8465664687763907
0	211	2.085371970320454	3.8512050851972304
0	212	2.083988225306792	3.8500742486301425
0	213	2.0864680395820967	3.854447294362059
0	214	2.0932904039416598	3.8521225077336263
0	215	2.093704658441349	3.849740317296646
0	216	2.0918498218455324	3.8540790899897592
0	217	1.9942690824623925	3.825084202151156
0	218	2.0023781096526396	3.827574242379466
0	219	2.0009568391892585	3.8234672291791676
0	220	2.001325480870975	3.8282233056890074
0	221	1.9939861916405326	3.8206549917089223
0	222	1.9998238399890038	3.8217858342529167
0	223	2.00174198588488	3.8338628843760447
0	224	2.0028309392463437	3.837328210405516
0	225	1.9842271384190397	3.824844226577009
0	226	1.9966489999025383	3.8190345494783875
0	227	1.9995811067486242	3.820720071722355
0	228	1.9863524064435134	3.8375469610598447
0	229	1.9492414402545741	3.826656377728757
0	230	1.9760335918198764	3.839186666445363
0	232	1.9587718094119497	3.824776555698541
0	233	1.9726898681100902	3.8404648436427657
0	234	1.9809369045812648	3.845527391712792
0	235	1.980341551467648	3.828445259403854
0	236	1.9843907985635123	3.854515127549201
0	237	1.9625754559168023	3.8078863714017865
0	238	1.9975076967860044	3.843413475440378
0	239	2.0018660568402553	3.8481740344185464
0	253	1.9981510567155414	3.8315071419818554
0	255	1.9756920079793863	3.8596345802503573
0	256	1.975623930015836	3.9618973286746373
0	261	1.9700945398483427	3.9636116281875555
0	263	2.0028991672069862	3.812224949661507
0	264	1.9541378370651217	3.8402490535406604
0	265	1.9863313396178377	3.849013199406825
0	266	1.9800849110823524	3.843608480398563
0	267	1.9849201348440018	3.841886757047163
0	268	1.9696509964365188	3.83090527783412
0	269	1.9655593336691195	3.82991616646266
0	274	1.9927678769858304	3.840845811665408
0	275	2.097119509446027	3.872834865705483
0	276	1.9777396792884498	3.8610816534889874
0	278	1.973636794990166	3.8262291707934573
0	279	1.9691223597967473	3.8475335559487296
0	280	2.0009561821033786	3.836315588898437
0	285	1.9735234638561143	3.7363345828894574
0	286	1.9873711848950926	3.812523241380694
0	287	1.9879120238724446	3.8138648507617336
0	288	1.9867261511808676	3.9512911435594535
0	289	1.9988456824101437	3.8261555215793384
0	290	2.000815949695502	3.831850154531162
0	291	2.0032886018529785	3.8294789648487226
0	292	2.005729760069387	3.830165504708367
0	293	2.0128986268144304	3.831606688886098
0	294	2.0080086649125257	3.831754504440207
0	295	2.0073655047800583	3.830234032508383
0	296	2.0086374897183794	3.8303749516743846
0	297	2.0065434374312736	3.831420540068944
0	298	2.003304852966794	3.8383880856892247
0	299	1.9965090900386613	3.837120488597528
0	300	1.9993001464253606	3.835527296542223
0	301	2.0073290058294133	3.83754364321498
0	302	1.9949334517702837	3.838950916025655
0	303	2.0152309767225667	3.833980803870142
0	304	2.012649989662357	3.8353612630813516
0	305	2.0123674234775297	3.833299761409182
0	306	2.0139573942931976	3.832841399530411
0	307	2.01260944902504	3.8134936263747985
0	308	2.0158141608013183	3.8323418935484077
0	309	1.9978800584886185	3.8150003740857854
0	310	2.013624640125713	3.8343491400354126
0	311	2.007351564242266	3.8401394272575406
0	312	2.0087081906797977	3.839836924335717
0	315	2.005001341892636	3.8320647235376577
0	316	2.0104961247946775	3.834104045681891
0	317	2.0107821531110597	3.843309393051522
0	318	2.0143118696579583	3.8390468406102793
0	319	2.0146390051322487	3.8356126035264233
0	320	2.0145288652309423	3.831505713476937
0	321	2.0128064240891845	3.8434108784632004
0	322	2.0188402209546576	3.8353890281102077
0	323	2.0265752249197035	3.830849370072954
0	324	1.993168074035302	3.807767699747268
0	325	1.9927980577546183	3.8182301441294086
0	326	1.98617305483888	3.8212191818867622
0	327	1.9951587960664166	3.8109689064571564
0	328	1.9879398266440396	3.819748873284722
0	329	1.9937455783057096	3.8116465432845392
0	330	1.99119720191208	3.842378912605604
0	331	1.9724154968739485	3.835324141754703
0	332	1.9751618254555667	3.829573701479644
0	333	1.9816536590820455	3.8288361814108667
0	334	1.983200272291633	3.820194043650515
0	335	1.9835975981798886	3.821713360732573
0	336	1.9717083987944102	3.831014420609054
0	337	1.967623476650654	3.832216667958707
0	338	1.981176577743663	3.8321906838156954
0	339	1.9825089989974547	3.82731571727578
0	340	1.978545913693341	3.8234204895220705
0	341	1.9783542681450415	3.815668473832249
0	342	1.9819410542195501	3.814847745855122
0	343	1.9713891980220217	3.8317861421451545
0	344	1.9856293940401049	3.8322089813065854
0	345	1.9916594450148355	3.821282795516721
0	346	1.9749532071555334	3.835360333868756
0	347	1.9689104424469235	3.8292291382076513
0	348	1.968178780997675	3.8329922382839983
0	349	1.9792649061535572	3.845843486175014
0	350	1.9674492608766825	3.8296528926695914
0	351	1.9692668405827862	3.8299001034795674
0	352	1.9718930190255286	3.8337577452370404
0	353	1.9730559094456754	3.834006778841437
0	354	1.9669342328848933	3.8345188268314954
0	355	1.9619686102444507	3.828422041801301
0	356	1.9879349606922498	3.8275140512520798
0	357	1.9807042616744968	3.8233123888853924
0	358	1.9723520399409198	3.830297441459171
0	359	1.9819712628634374	3.8241852640516436
0	360	1.9695868986866358	3.8258230177408885
0	361	1.9631786364218602	3.8235176778970925
0	362	1.9859905820061863	3.8405307336477494
0	363	1.981710260147666	3.8412648348969314
0	364	1.9805067030818242	3.821060777428196
0	365	1.9780728397399514	3.8219337552455026
0	366	1.9872694641409043	3.817460629435187
0	367	1.9897715252341301	3.8244844973080268
0	368	1.9834341665300852	3.814810125965177
0	369	1.9846951620859072	3.8152767642177072
0	370	1.966411533014936	3.8461610799690638
0	371	1.9752385824804495	3.8384939138086023
0	372	1.9598660863927053	3.8300475663121145
0	373	1.9646588567302106	3.842522663461389
0	374	1.960873512953214	3.831309150069602
0	375	1.9701365472133583	3.8250213348619
0	376	1.973110702291532	3.8236423143954688
0	377	1.9689294190364537	3.823522907366109
0	378	1.9706716061388234	3.8238371325748735
0	379	1.9696974571346635	3.8268479119047614
0	380	1.9737993470758246	3.82941099039153
0	381	1.9765675910178078	3.8186386455163004
0	382	1.9706936003236941	3.8371037784298294
0	383	1.9656092095482385	3.832454517414697
0	384	1.9805387836231463	3.822378224825469
0	385	1.9766016234752495	3.8156515437574097
0	386	1.9691293094678393	3.8223252825613963
0	387	1.9693145730703527	3.8104326511372197
0	388	1.9824924685075729	3.8162154601924776
0	389	1.9807314393467779	3.8141449708172024
0	390	1.9733982299180417	3.818911108288156
0	391	1.982511725652024	3.81364302256592
0	392	2.000057834441968	3.8191720632859703
0	393	1.985205454575555	3.820099029045228
0	394	1.9944433388642386	3.8188224199933676
0	395	1.9819266903116126	3.818377668616305
0	396	1.993877286906474	3.8197182028382093
0	397	1.9855091499620567	3.8165130586886917
0	398	1.9822676003911268	3.817308878254785
0	399	2.0026859714453114	3.79210499593444
0	400	2.003549222945051	3.7817685357904507
0	401	1.9842948742448738	3.8207543899017256
0	402	2.0043624448598947	3.792840626406522
0	403	2.0032769809337863	3.7904306828380983
0	404	2.00489772181549	3.79111324821171
0	405	2.0054252156870604	3.7850681399259285
0	406	1.971745924978707	3.850690630076865
0	409	1.9818599345769887	3.823044535868527
0	410	2.000746400826901	3.8223163763990216
0	411	2.0061946799019608	3.8213543959673917
0	412	2.0078982176900597	3.822627176957632
0	413	1.991845453289162	3.8231984178464735
0	414	2.0008949463515973	3.819703598563595
0	415	2.00551173553711	3.8206028400566714
0	416	2.0075911541756644	3.825523564977501
0	417	1.9990779567504013	3.8273985095579492
0	418	1.9908595977067685	3.8248711045256076
0	419	1.9987543729447619	3.8247492485147343
0	420	2.033046902722469	3.834622510798725
0	421	2.0315392230205505	3.8383521143754953
0	422	2.03153102384568	3.8368493280068074
0	423	2.031649694321275	3.8341173909595487
0	424	2.032207602429637	3.8357252475573382
0	425	2.030184775093092	3.836445394599853
0	426	2.0299709703757567	3.8377590770973766
0	427	2.0308260382898484	3.8352054103534248
0	428	2.028198805568356	3.8363308801137905
0	429	2.0288390754088335	3.834942453579033
0	430	2.0321854751266772	3.8316679335713513
0	431	2.032173729988112	3.828471872984574
0	432	2.036427467664137	3.8288556550099524
0	433	2.0401390767224523	3.8290702074624705
0	434	2.0374326375187866	3.8272988588763446
0	435	2.0382774218109274	3.8291569082537187
0	436	2.0347158449470686	3.8315663499826655
0	437	2.034189671866823	3.829715226795679
0	438	2.0353989268207986	3.826973126680354
0	439	2.0393939740165106	3.827276097194043
0	440	2.0363296053541635	3.8252103537698803
0	441	2.0394719339050984	3.830887875279037
0	442	2.037176507553122	3.830693334946633
0	443	2.0383040287146805	3.8255764749472516
0	444	1.9974787359532875	3.810541063711649
0	445	1.9969403494821079	3.827250115498543
0	446	2.038077836240133	3.832322543872849
0	447	2.0411124387136566	3.8458896923494876
0	448	2.0412123853968733	3.8393560652896914
0	449	2.042220355587568	3.8420811253079883
0	450	2.0441902944650856	3.8465328712549502
0	451	2.03540364466624	3.834437186325489
0	452	2.034459862537714	3.8353852396124557
0	453	2.034606792689361	3.8366277895668794
0	454	2.0334985517400854	3.8376774292199287
0	455	2.0359231710745793	3.8381156971998975
0	456	2.036960283873247	3.836769650204647
0	457	1.989639666650508	3.8047203234365425
0	459	1.9923940596103957	3.8159356404443088
0	461	1.9731351369122354	3.804471529955105
0	4273	1.9684933297914418	3.836724670412819
0	465	1.9704435236289795	3.8281617995413857
0	466	1.9787380795918434	3.8183020899860414
0	467	1.9746682503958763	3.8284610943419275
0	468	1.9840967163654837	3.831630440554062
0	469	1.982334876740022	3.8295703121571307
0	470	1.9842337187797956	3.8276005377242526
0	471	1.983472064469164	3.832436319905702
0	472	1.9681394345121128	3.8314764081863597
0	473	1.9670961309157398	3.8286175090805203
0	474	1.9641360895637359	3.839032555067662
0	475	1.9673526354231523	3.8312028339760733
0	476	1.9706514832075388	3.8359048267286058
0	477	1.9737156853294275	3.8285485295016835
0	478	1.9686293712520389	3.8352829577291976
0	479	1.9820145848956001	3.839441514519915
0	480	1.9741920931414116	3.8310033935847247
0	481	1.9655770417425829	3.833430271357315
0	482	1.9781915966049402	3.831182616996318
0	483	1.973066235163866	3.834931646302857
0	484	1.978851082418154	3.826533753978905
0	485	1.966882912369681	3.8270917511656855
0	486	1.9653020159889836	3.828563042892941
0	487	1.969891594393878	3.8138824222799754
0	488	1.9667002965521143	3.8447878621255707
0	489	1.9521924915422422	3.84427275605222
0	490	1.966056845495298	3.8580017002368767
0	491	1.9640871963838593	3.8450199487680026
0	492	1.976505759576039	3.824040476391751
0	493	1.9621701561345593	3.835352319198361
0	495	2.0034420141197655	3.8199181658170693
0	496	1.963677023209396	3.8799623415329734
0	497	2.00746348527481	3.8213980291425163
0	498	1.9780202709909644	3.789730391649118
0	499	1.9758873235001555	3.789313028231685
0	501	1.9832808661997812	3.823326216310568
0	502	1.9803065885050404	3.82504555916396
0	503	1.999123261177411	3.8324904395427417
0	504	2.0011457363654612	3.8448829987942545
0	505	1.98978536802334	3.830812640298709
0	507	2.0002036765624003	3.8433742505371318
0	511	1.9792916768706834	3.8735043201494745
0	512	1.9803759067635196	3.872510398777615
0	513	2.00095273189059	3.842183541481264
0	514	2.0019079548507035	3.8436390555347875
0	515	1.9997070113716129	3.84539638081119
0	518	1.972689586723224	3.822575933868727
0	519	1.974380123272122	3.805750774233988
0	520	1.9746560164147418	3.807393050596503
0	521	1.9719221979236718	3.823656142920026
0	522	1.975625575999263	3.805599730233106
0	523	1.9566622363415553	3.804489968507887
0	524	1.9818584621982434	3.7362330104795527
0	525	1.9848945748511635	3.825148974377663
0	526	1.984949789849519	3.821968285509639
0	527	1.9924363205068558	3.819779962376892
0	528	2.0060170391922902	3.8374439493259755
0	529	2.0030393254687935	3.849967380696442
0	530	2.0048013954489368	3.8434090580414964
0	531	2.0037066421078675	3.852730068458256
0	532	1.9955365313012008	3.819192602835584
0	533	1.9579268221330064	3.8001841188119796
0	536	2.000759663764553	3.8143355984494915
0	537	2.004907967085354	3.8293209029981674
0	538	2.0106548270479405	3.8267116772044423
0	539	2.006733441641608	3.8261286093641464
0	542	1.9605608237380945	3.832649231140935
0	543	1.949400238550297	3.8356986732387446
0	544	2.0281468702653154	3.822890998279515
0	546	2.0292389616838546	3.82121310157785
0	547	2.0285494598468556	3.8191840047506895
0	548	2.027649995394509	3.8206946916762887
0	549	1.9561200437110169	3.917282071760962
0	550	1.9207608239000618	3.7678609710264075
0	552	1.9924506808068676	3.79455731086912
0	553	1.99513053246496	3.797960154326143
0	554	1.9646391070818678	3.825344171738147
0	556	1.9749768098201987	3.813933192027799
0	558	1.9736953744000623	3.8527540641575735
0	559	1.9666396684137393	3.8226277015847776
0	561	2.0136196064619294	3.816964768638847
0	562	2.0085182344435983	3.82042847662491
0	563	1.9767358499468621	3.935776095874054
0	565	1.9373367448902374	3.7911356173613964
0	566	1.9404882910042571	3.809572694414306
0	567	1.9398006538099255	3.865594034396366
0	568	1.9703775875712028	3.8919334252739946
0	569	1.945489007922445	3.802438270340051
0	570	1.9589070990423492	3.7709016437647858
0	571	1.9879564105318352	3.848995630178937
0	572	1.9648570179223128	3.7993410769916545
0	573	1.9510933213470918	3.7941981603671744
0	574	1.9481133957611376	3.7916382008192215
0	575	1.9575432193986462	3.9323038754728796
0	576	1.9444739637380788	3.924929699568603
0	577	1.8991111823187496	3.80021204741679
0	578	1.9019869362718598	3.800641180126545
0	579	1.924629592575292	3.805828442464758
0	580	1.952930683095051	3.7913170985363815
0	581	1.9438455141075186	3.7743756142162836
0	582	1.949810447524228	3.7919030849464104
0	583	1.9473062000626173	3.7728073842821708
0	584	1.949382190386265	3.774445449273939
0	585	1.9454120112191156	3.7731897741735203
0	586	1.9543684887231982	3.7986469407451673
0	587	1.945912650834408	3.77705873134307
0	588	1.9548524821500972	3.791626919590368
0	589	1.945231798200289	3.7808322567999744
0	590	1.9449813062909778	3.790285084461429
0	591	1.9388201403307834	3.7875805559149094
0	592	1.9707198684558238	3.8872090842236964
0	593	1.998689649946194	3.8561162846816317
0	594	1.9874657815205083	3.840768552169528
0	598	1.9952263805318222	3.8602653085340575
0	599	1.9873502283331825	3.8597493129548615
0	600	1.9829898831139054	3.841736820631714
0	601	2.1027415754487775	3.8634874915555817
0	602	2.098678228107781	3.8619207342318993
0	603	2.100989401514634	3.8675567685756147
0	604	1.9506741543652204	3.8039156924250475
0	605	1.9556333108404431	3.9332890749375253
0	606	2.0022942401518558	3.888435329398692
0	607	1.9662849894182797	3.876839689762958
0	608	1.957380564542068	3.8726056025829902
0	609	1.9630801012394326	3.8606157739494282
0	610	1.9676545477093945	3.9055318134800507
0	611	1.9581104524746937	3.8298801504384294
0	612	1.9559355201916093	3.9375866884819604
0	613	1.9544309271311748	3.931147196595613
0	614	1.9509950296204355	3.9367272899249053
0	615	1.9377966653797407	3.9268771135344376
0	616	1.9378840117874527	3.9290517478807994
0	617	1.942899060074617	3.936055568214222
0	618	1.9505105489407453	3.9274601705587178
0	619	1.9459783229143004	3.9338186613569053
0	620	2.002090208531932	3.820112568600819
0	621	2.005896349881998	3.8155503307926915
0	622	2.010195986128529	3.8207877886867574
0	623	2.0159986592659025	3.825416457945738
0	624	2.014116465619181	3.8237296839643524
0	625	2.010119125522066	3.8278326004630396
0	626	2.0110056289657887	3.824924660564225
0	627	2.0305807057904395	3.8092826170852487
0	628	2.01517686691831	3.8188151253988933
0	629	2.020806026858737	3.8219145137891126
0	630	2.014195964867747	3.822286505499588
0	631	2.000451883439375	3.8472504057905645
0	632	2.0120679572092928	3.8172169339255246
0	633	2.012881527817232	3.817812602496078
0	634	2.001709844201481	3.8184325174806912
0	635	2.0130110236083567	3.8249727332594623
0	637	1.9532922952059582	3.9348789771197303
0	638	2.0016211809290043	3.813340456481009
0	639	2.024286820980913	3.827203417823668
0	640	2.0255173338054084	3.8262121349610076
0	641	1.9548445190450596	3.941886459433397
0	642	1.9977636555171983	3.875926113598919
0	643	2.0016385436137063	3.855559522908338
0	644	1.9592950116079528	3.884230684563936
0	645	1.962245582760762	3.8833707074660593
0	646	1.9755323053551996	3.8775008513010283
0	647	1.9749124713871937	3.876129688457772
0	649	1.9734980830556328	3.8804723836308836
0	650	1.960483363588541	3.87684837202013
0	651	1.9702827989758054	3.8770612115211627
0	652	1.9991523174039716	3.8632262774957313
0	654	1.9527372220912553	3.7950248954130856
0	657	1.962133360910577	3.837683207187917
0	659	1.9622207465011832	3.8037594585256516
0	663	1.9458423038854331	3.857697430195063
0	664	1.9884343626582133	3.809440083019945
0	666	1.973335594209945	3.8114354911608976
0	667	1.9592339331570445	3.7886864949567776
0	677	1.986676229283121	3.8462438246404727
0	678	1.9271753827929983	3.8120518759257602
0	720	1.9897869726360635	3.823342113861807
0	721	1.9862193366825336	3.82835248513402
0	722	1.98737722824317	3.829490062396559
0	725	1.9880148791795342	3.8109238309825058
0	728	1.984077120755822	3.808861698420951
0	731	1.9895935183518423	3.810166149775855
0	734	1.9623185430917405	3.7744338733819114
0	764	1.992290335738331	3.8297808732321466
0	767	1.9871939961454206	3.8096837579233327
0	812	2.0826459844730665	3.8000487149199684
0	813	2.08586891440197	3.7931669247247477
0	814	2.0851248770727135	3.8027725041640346
0	817	2.081108157288886	3.7939159415470654
0	818	2.0892908426908057	3.7970303292256253
0	821	2.0877843713053528	3.801875442400301
0	822	2.086780277929753	3.797234486430675
0	826	2.088886414188285	3.799609413302677
0	828	2.0878767547215484	3.794685067729266
0	829	2.079323907536582	3.7984971229620763
0	830	2.0824795051527643	3.8026163728590285
0	831	2.083298015582488	3.7925341838207
0	832	2.079277398818938	3.795732631090806
0	833	2.081571893848718	3.796945617598743
0	834	2.0858239915540073	3.800152537392266
0	835	2.080226471688163	3.80089096265926
0	836	2.0840628280862292	3.7950717154823144
0	873	1.962293484521182	3.852835305643155
0	874	1.949878166647039	3.8453908427205157
0	875	1.9761431071825277	3.8290459256359135
0	876	1.970672191754135	3.8444275839044417
0	877	1.9689047043410282	3.84289318840034
0	879	1.9851072005971957	3.8773841290154554
0	881	1.9300028579930817	3.8235527530657616
0	882	1.9658437405571412	3.8309247803517734
0	883	1.9689855857557061	3.832688798812175
0	884	1.9606143878170654	3.825298897125806
0	885	1.939609829369106	3.8168526907898612
0	886	1.933124491654066	3.8245688428661495
0	887	1.9494284706704703	3.818326675168936
0	888	1.947932938405345	3.827055849861331
0	889	1.9488203780033366	3.8198338597373405
0	891	1.9578230676855162	3.8127620055446765
0	5351	1.9843816659305133	3.8405336355259254
0	896	1.9675748264045863	3.8408069944576497
0	897	1.9560397931808884	3.8278998693416026
0	898	1.9613646258290272	3.826184456453198
0	900	1.9546684907032843	3.8358309874975594
0	901	1.9584374563240925	3.8391431280818327
0	902	1.9781271971123653	3.859298224369931
0	904	1.9513869346971389	3.8312685625825886
0	905	1.9678958049628417	3.8438792847152152
0	906	1.9635952174342028	3.8193058236712347
0	907	1.956432371993568	3.8228097167855113
0	908	1.9581966674092126	3.8200397567876014
0	909	1.9506115158658706	3.8194515383100196
0	5588	1.9507207411640686	3.836082551900862
0	5593	1.9510812538935758	3.839243986616535
0	5594	1.950929000083556	3.8377973328167942
0	912	1.9795473338687006	3.8105768043651502
0	913	1.9928193968053092	3.8265216448130994
0	914	1.9806684190516752	3.809619303757377
0	5640	1.9411350195965433	3.8018781856732144
0	916	1.9607874984005549	3.8224996709541306
0	917	1.9587294479618678	3.8115177289860513
0	919	1.9728902955862249	3.8268279393337417
0	5708	1.9693451590337991	3.8074561031601246
0	5711	1.9720484637015925	3.8062411046689344
0	5719	1.9717868014662894	3.808862135148133
0	922	1.9644200817830293	3.821708979479258
0	923	1.969580227331996	3.8214402053057714
0	924	1.9652079099559394	3.8277028896345318
0	925	1.9744237377762954	3.842817378238011
0	927	1.9707549183283286	3.838036076744433
0	928	1.9590154662228125	3.8291168681008907
0	930	1.978421252559433	3.8168823883795904
0	931	1.9199615534928522	3.8356360835612846
0	932	1.9026394649197573	3.8745878785956
0	933	1.9168624363985147	3.868037104060603
0	934	1.963514784249099	3.8416907787302628
0	935	1.974426138778146	3.804191871860158
0	936	1.9183495956892416	3.8342085704619984
0	937	1.921828026635135	3.8394603592521177
0	54063	1.9577457496729034	3.818889881787867
0	938	1.971312116596186	3.8221377664542016
0	939	1.9550859189680716	3.8375674268670408
0	940	1.956785803012286	3.840570216827167
0	941	1.9645669992745847	3.840782060848985
0	942	1.9651646856140603	3.839911549346483
0	944	1.9522133979758898	3.8255440101510603
0	946	1.9662860007794192	3.828083670825661
0	947	1.9592195742969365	3.827935487390904
0	948	1.9513783353698664	3.8281631496985318
0	950	1.9593380193311192	3.8447430377163365
0	951	1.950986751724798	3.817653397247979
0	952	1.9689898892933593	3.844389263751746
0	954	1.9926871763816247	3.833016124976791
0	955	1.9894915822442323	3.8202827563785684
0	956	1.9476831738213398	3.8399865269206503
0	957	1.9483401671624567	3.8367154745667436
0	959	1.9577097009172968	3.8353888226436887
0	960	1.9469020163465358	3.83858935677723
0	961	1.9621861066981903	3.8448854929116827
0	962	1.9502531105495986	3.8303868100455
0	963	1.943859675961889	3.838664293354678
0	964	1.9786612614160344	3.8380006761768013
0	965	1.9921260522402648	3.8051217055801896
0	966	1.9918854471050405	3.806648165470893
0	967	1.9908782079385237	3.80543653807882
0	968	1.9898613097620743	3.806293127764008
0	969	1.961605051683737	3.8326384813927685
0	970	1.9591294771204548	3.832628385214196
0	971	1.957740654564032	3.833550528569741
0	973	1.9650473574820013	3.8193485348028
0	974	1.9701838099551046	3.8171832433111046
0	975	1.9839971764583155	3.7987262985889227
0	976	1.9854837426418368	3.7989818168894205
0	977	1.977455902277344	3.8144005384860256
0	979	1.9483793518749006	3.8461444784799954
0	980	1.9566279766745516	3.8346419614735283
0	981	1.9684792415767614	3.825401900963248
0	982	1.954040768412678	3.8232758201451498
0	983	1.9512162673251714	3.815935203051995
0	988	1.9740161342620062	3.8347891608721794
0	990	1.9566520476565419	3.81984079323089
0	991	1.9743465977777621	3.8414142284679826
0	994	1.9575871523442752	3.8177568036851586
0	995	1.9643234404971768	3.8366492035892157
0	996	1.9908332762455003	3.839057929230562
0	997	1.9771337444036232	3.8412055302497845
0	999	1.9879045344918342	3.8392259969948364
0	1001	1.9716630646212205	3.836983868072729
0	1003	1.95656054218087	3.829347651735899
0	1008	1.9323904258811624	3.8282512704170415
0	1010	1.939654470880844	3.8155010799363436
0	1011	1.9307491150299303	3.8268999129047656
0	1013	1.951324029844869	3.8262404960374976
0	1015	1.9757906736760642	3.8084783994345517
0	1016	1.969769658027461	3.819802913236799
0	1017	1.975947689058345	3.8070312682494096
0	1018	1.9692255906089797	3.811858464883721
0	1019	1.9612041618320257	3.8343790670304876
0	1020	1.972699568023693	3.820109806823563
0	1021	1.9662029811447694	3.8166312575805263
0	1022	1.9634818558489306	3.854261845765586
0	1023	1.9609053907281013	3.838953977846379
0	73906	1.950828280586642	3.823022976901162
0	73916	1.9530166009221526	3.8220929268916204
0	8728	1.9498247415676326	3.825347584070942
0	73918	1.9508808938025908	3.824465894288764
0	1024	1.959387733374491	3.8375570348147527
0	8729	1.9517032635947642	3.8216159721125162
0	8730	1.9532364459667046	3.8205706125159185
0	73936	1.952207384534151	3.823565275696177
0	1027	1.962892021417593	3.827556289764183
0	1029	1.9647033403682619	3.834442555920458
0	1030	1.9577577172752072	3.831014533077256
0	1031	1.9606491882086674	3.8523848869733572
0	1032	1.9561549419190831	3.8212202459554305
0	1034	1.9680162925129716	3.8205541336251474
0	1035	1.943032707700799	3.834228134147627
0	1036	1.9429947808990842	3.8322631233254976
0	1037	1.9643361272640574	3.846220899660934
0	1039	1.9556473956470022	3.8392608477476906
0	1041	1.9543133112966058	3.832256613354492
0	1046	1.9623473363056965	3.811779481961591
0	1047	1.9734408624103872	3.8245407717134445
0	1048	1.9594761817942261	3.813215971055973
0	1051	1.931802452981384	3.830004943317062
0	1052	1.930219312069142	3.8285638891113924
0	1053	1.9318263604952834	3.8229273913897592
0	1054	1.931269623944026	3.8250487884317144
0	1055	1.929423208983775	3.8256637846778
0	1056	1.9328569730361778	3.8264780102668485
0	83218	2.090694260543943	3.8275487006095044
0	1080	1.994165157058831	3.8648757199131096
0	1081	2.0366190740367083	3.911201162027675
0	1082	2.0199220190431846	3.9067349654146395
0	1083	2.020134650538524	3.905369229751775
0	85128	2.020168116309705	3.9040545404647533
0	85129	2.026188941994458	3.910294514195075
0	85133	2.0204286984244746	3.913107473502978
0	85134	2.0128924294782493	3.915707098186546
0	85135	2.012009260930831	3.9268544631148488
0	85140	2.0194356448218738	3.9266726596740607
0	85141	2.021861551009316	3.91343122324328
0	1094	2.013198862531341	3.913455151381835
0	1097	2.0147324019275357	3.912871201640423
0	1098	2.0120024172623707	3.9144145509549855
0	1099	2.014320667710143	3.9143705364911217
0	85208	2.015768784958904	3.9259093824298352
0	85209	2.0114624501459164	3.924887328680889
0	85215	2.021068778073864	3.9253003375927693
0	85256	2.009226927891127	3.903581133288532
0	1112	1.9520163951853224	3.835692682265296
0	85587	1.9953481706525784	3.886172250605421
0	85588	1.991732901783435	3.8850393259000207
0	85601	1.9977892569990165	3.8832524461408737
0	85602	1.9972100704021527	3.885099166851976
0	85615	1.993515902832884	3.8842489783026832
0	85616	1.9945236134722213	3.8825004675531094
0	85945	2.0638051624046287	3.925341930932814
0	85981	2.0377727030459996	3.9594361481731895
0	1138	2.027087902235236	3.915928108235329
0	1141	2.030264441213168	3.91514444568071
0	1147	2.020595698682227	3.911389724739283
0	1148	2.024356059250626	3.900959390987618
0	1149	2.034957666251196	3.915512590079906
0	86220	2.018073373503142	3.8949780454860377
0	86221	2.0262876158563206	3.887540980429741
0	86222	2.0291521066251583	3.8890331156340103
0	1154	2.0199138264240637	3.9078296234423844
0	1155	2.0139225574764636	3.895004930761068
0	1156	2.0123592761178415	3.893565848950417
0	1157	2.0240407654293313	3.890146456846418
0	86227	2.0326700854159703	3.9136764309122216
0	86228	2.0209025424567644	3.8953612410077922
0	86229	2.018154928567822	3.896410839676919
0	86230	2.0337573060948557	3.8991281833067344
0	86231	2.02944731597465	3.901405050608391
0	1161	2.0265932475349095	3.898635216804874
0	1162	2.013975828911812	3.8967540762899544
0	1163	2.0127244179593573	3.8925911378173232
0	1164	2.0230712613800588	3.90096867778351
0	1165	2.024970746355258	3.902383341277158
0	1166	2.027930237566604	3.9012318417453695
0	1167	2.0227541043354735	3.893543689413173
0	86234	2.0299368083651586	3.887482556903651
0	86235	2.0251194248246662	3.8998948775403157
0	86236	2.025514980995227	3.9012913917880554
0	86237	2.028155254555689	3.887266337303097
0	86238	2.026444351148414	3.8922827575865893
0	86239	2.031684727612626	3.897354284241327
0	86240	2.0311890378231823	3.9033748434816022
0	1168	2.034044830065666	3.890477975829955
0	1169	2.0103570317348116	3.8954657841898133
0	1170	2.0146500598483	3.8942538011447176
0	1171	2.023477321936601	3.9029652413877187
0	1172	2.023317388977093	3.9019922993895744
0	1173	2.0233353504118177	3.904040461930602
0	1174	2.025755011540068	3.904092136436395
0	86241	2.0260747888809427	3.9172788924027846
0	86245	2.019561721715826	3.8946453868785884
0	86246	2.029703320985985	3.8920255623680706
0	86247	2.020710009441215	3.897425839080873
0	86248	2.022995572373	3.891684056796148
0	86249	2.0313335654887936	3.891732252661208
0	1175	2.0266576815503	3.8939038368058205
0	1176	2.030635720660654	3.9013117691315338
0	1177	2.019676700719482	3.896372790398612
0	1178	2.022358916047351	3.9033670645859195
0	1179	2.0220913539049876	3.90582430096127
0	1180	2.0194335840431195	3.9014391678864917
0	1181	2.0211768105889294	3.905618984411436
0	86250	2.0217809325972294	3.899492795808316
0	86251	2.0338395364932746	3.9029744214385116
0	86252	2.032254326475704	3.9183658165379303
0	86257	2.0343938264241683	3.901422345355323
0	86258	2.030199538149151	3.8991944802438483
0	86259	2.024324775439187	3.8987291593427855
0	1182	2.02951379080345	3.9057107475659483
0	1183	2.024924579009159	3.8916812404600027
0	86260	2.0323905818597057	3.9038025590930583
0	1184	2.0282965078625232	3.8968296533114755
0	1185	2.0210626412185846	3.8921551067750007
0	1186	2.030502936366331	3.904560521080617
0	1187	2.0236425575667534	3.899953582176401
0	1188	2.0212056719679343	3.9075209525728645
0	86261	2.0247686553394324	3.9035065891155463
0	86262	2.0217988962856124	3.9088063975046374
0	86263	2.0229151424681238	3.8990597767501143
0	86268	2.0362115720358815	3.901341347019338
0	86269	2.0331624152655285	3.891768054571729
0	86270	2.031546099106168	3.895680748608076
0	1194	2.0339643815531896	3.914436897715121
0	1195	2.031185577540967	3.913982680422037
0	86273	2.0302006735149676	3.9167133954331037
0	86274	2.0356966091692774	3.91403501270061
0	86285	2.0119802106365348	3.9211727133422545
0	86364	2.011901286504161	3.9192665504387203
0	86365	2.0144733840806195	3.9217441675144564
0	86366	2.0099674594706083	3.9192039237584386
0	86379	2.0139221467436426	3.9200536615726174
0	86523	2.00510935299854	3.905264774173672
0	1204	2.0188032647565417	3.906007741954026
0	1206	2.0172639101669425	3.905274887887635
0	1207	2.0181409505278847	3.9083316877737126
0	1208	2.0244965257866308	3.9051362625267045
0	1214	2.0185940030086194	3.907270101173444
0	1215	2.023869769118611	3.9061522597837994
0	1216	2.018140408238309	3.9025639744643916
0	1217	2.0228857436723793	3.9050375179228
0	86543	2.0378874497802255	3.9088947690978535
0	1222	2.0133600150129163	3.9047770205402452
0	1223	2.017200192570532	3.9015620640075355
0	1224	2.022878418481649	3.9067937360959695
0	1225	2.021674410560212	3.9046019764810196
0	86552	2.0246446872333608	3.9070642477022526
0	86553	2.0353006272052996	3.917020789758176
0	1226	2.036906947846171	3.9128697878050165
0	86564	2.037731689361419	3.9142466233776347
0	86566	2.025463156780954	3.9079447852007134
0	1227	2.023717062676076	3.9079772570099007
0	86567	2.0256334618848566	3.9061014172676987
0	86568	2.0203441090932954	3.901038114110255
0	86569	2.0291114480686856	3.9186228685833475
0	86581	2.0100196618088275	3.898030026240643
0	86582	2.0092650502446214	3.9063452554295615
0	1245	2.0330327968677016	3.888876023146405
0	86780	2.0331171866825066	3.9003764038813173
0	1253	2.0272262221627217	3.9141448754410515
0	1254	2.0366180574897603	3.90328560626393
0	86787	2.025740849518719	3.8895613187198164
0	1260	2.029957905385103	3.9029138181509877
0	1261	2.0189690847494646	3.897993607306941
0	1262	2.017067921399855	3.8978123908240105
0	1263	2.0274453282500087	3.918189658929343
0	86793	2.0303121017796064	3.890096588362799
0	86794	2.027407335660667	3.889048897312844
0	86795	2.03492313288567	3.9001385856971016
0	86796	2.0245911399765673	3.8880993287798264
0	1268	2.0207244128766138	3.902390261236637
0	1269	2.021953414777257	3.900657133597928
0	1270	2.0183125545418408	3.90039739576118
0	1271	2.020213269031037	3.899015098414071
0	1272	2.021832796838289	3.896404288464595
0	86802	2.0245286852345803	3.8935435443536375
0	86803	2.0283066942980335	3.8928129424072617
0	86804	2.032934805974062	3.901785048504816
0	86805	2.028823043990066	3.898048205870315
0	86806	2.0286084988207103	3.890800614487613
0	86807	2.03527252625706	3.9025413266731857
0	86808	2.033905336495712	3.904534765027936
0	1274	2.02889709913515	3.90013406746765
0	1275	2.0274414101892946	3.8994714334107665
0	1276	2.0286490739731673	3.9024742107375197
0	1277	2.022118940465235	3.902299275614375
0	1278	2.019103141900495	3.8994921635573636
0	1279	2.021440180634406	3.9015237552228283
0	1280	2.016880532591172	3.8996758910885907
0	86812	2.0333199445304357	3.897878369086795
0	86813	2.0353591161158655	3.904233417333089
0	86814	2.0316703800408487	3.900148447826799
0	86815	2.0320232041997817	3.8902450023923723
0	86816	2.031148622154097	3.905852347857007
0	86817	2.026934094545191	3.890787901632477
0	86818	2.0319679258225603	3.898783108417228
0	1282	2.028323108497798	3.8952410787231644
0	1283	2.027884715215635	3.90491707418249
0	1284	2.02912259900529	3.904141358120477
0	1285	2.0227358352098053	3.897696867222689
0	1286	2.021162309355894	3.9033794379679634
0	1287	2.017889753639932	3.8988432012926455
0	86820	2.014485887270324	3.907583011135424
0	86821	2.011423053840177	3.8991206712949014
0	86828	2.0228206023310635	3.8889522854806184
0	1289	2.036315921874801	3.9095240821049466
0	1292	2.032326612724246	3.9052090545251548
0	1293	2.031377524127253	3.8884403394795415
0	86834	2.0385489831684906	3.912458943094251
0	1309	2.030173588361804	3.9129475333715016
0	1310	2.0320048795236003	3.9121906058124227
0	1313	2.0287574395015886	3.913714389513042
0	1319	2.010020529454042	3.9050061468411443
0	1320	2.019071167664062	3.909649964055109
0	1321	2.0140764062743393	3.9061952978743135
0	87083	2.0103879278715784	3.900474770085597
0	1326	2.008268532318202	3.898116166038217
0	1327	2.0056859879612245	3.9092897204417856
0	1328	2.0193370755066504	3.9108582617865006
0	1329	2.011527109630589	3.911542543785738
0	1330	2.0203721706833035	3.908867482381831
0	1331	2.0228610633639925	3.909593537481403
0	87094	2.009625789571884	3.9080253338197988
0	87095	2.006723095438636	3.906163390649574
0	87096	2.0068110740430134	3.9080513536475925
0	1335	2.022011773937412	3.911290324361233
0	1336	2.0233752011296566	3.9110923447402155
0	1337	2.017721250704943	3.903758937663801
0	1338	2.0244026642768818	3.9090403656919497
0	87097	2.0225097591581833	3.907842468081473
0	87098	2.0132046783145534	3.9101390785120396
0	87105	2.013832540253339	3.901415840324843
0	1342	2.0111868804451816	3.9083576633415307
0	1343	2.007070773495228	3.9115804686612066
0	1344	2.017353690327556	3.9065941653000857
0	1345	2.0211295957506135	3.9101638569334436
0	87107	2.008870698205006	3.899886487032695
0	87108	2.0100603498316274	3.9113090773187835
0	1350	2.009312202331388	3.9018658916059037
0	87117	2.0146483669794093	3.9111630671208517
0	87118	2.0077388225081534	3.901482966147513
0	1358	2.0125491329755905	3.907225983938951
0	1359	2.012866422815471	3.90867473375544
0	87127	2.0070114474983716	3.89976418947962
0	87128	2.014660054290018	3.9096544017876766
0	87352	2.011642427358622	3.9099679954246174
0	87353	2.0108252319884183	3.9025886335349913
0	87354	2.014226435941163	3.898432961061013
0	87366	2.0129558207449643	3.9116784568347334
0	87367	2.0109154924437087	3.91293353531043
0	87368	2.010773930966734	3.9068050043606175
0	1365	2.0086092510963733	3.912040799473177
0	1366	2.008227697829337	3.9050270105157048
0	1369	2.007149848481457	3.909981665568268
0	1370	2.005284393272577	3.9072081289324827
0	87729	2.0119486794077326	3.9013102243697615
0	1372	2.006686092050983	3.904468878283235
0	1373	2.0118935781999294	3.9056906727390626
0	87734	2.0087339626751817	3.910357966723705
0	87735	2.007597379263462	3.9031449214413567
0	87744	2.01642830533549	3.910582759481527
0	1376	2.011854189672933	3.8973335850932305
0	87748	2.0157015185767566	3.9086249721498474
0	87749	2.0130726307310627	3.8996870859776704
0	87750	2.0093618306531322	3.9134026604140564
0	87764	2.005529540043385	3.903245809081551
0	87765	2.011359756511645	3.9040916334350424
0	87771	2.0060128265929236	3.9015180923084958
0	87772	2.0079897032252427	3.907074967614397
0	87774	2.0101207712101585	3.9096070482839034
0	87790	2.0083381406874627	3.9087808482317814
0	1407	1.9963774071091043	3.8817778891249612
0	1408	1.993434936047932	3.886332381003225
0	1413	2.0317885019769744	3.9167522141483886
0	1414	1.9827875297381918	3.876826658653546
0	1415	1.9955848235682236	3.8841184990160107
0	1421	1.9824024909930738	3.878229241917875
0	1429	2.032047306943241	3.9152430949786465
0	1431	2.057955352729821	3.9315643044513506
0	1435	2.036663237749329	3.9156100475038205
0	1436	2.0287119487116354	3.9153354906701816
0	1437	2.0349845229336503	3.9106202120491096
0	1438	2.0306477739274174	3.918308942735935
0	1439	2.0336913260415566	3.917599586233705
0	89136	2.051781402235275	3.875259849386628
0	89140	2.0502838291065637	3.87420324032741
0	89189	2.0495064383258086	3.8762656950485574
0	89193	2.053404860077469	3.8748250624601175
0	92820	2.0482261183455184	3.8744064754986045
0	92934	2.0362691890454556	3.8793213317559045
0	92935	2.0345789776288257	3.870919751663977
0	92938	2.0541913333442015	3.887881156989563
0	92939	2.0504572503809295	3.8956915275919624
0	92940	2.034020317646563	3.91283925566464
0	92948	2.044515129750044	3.8930023174385084
0	92949	2.0468487703105867	3.886852898051629
0	93045	2.0286595810348445	3.8684734269608243
0	93046	2.034955346478132	3.8793805917391175
0	93048	2.0446029675258113	3.8973220334616387
0	93049	2.0345864169969112	3.878205631825194
0	93050	2.0350033574895336	3.8806262203339448
0	93051	2.0585993443693105	3.891154258822912
0	93052	2.0509909336742504	3.9005015665297504
0	93058	2.05177148647611	3.903315090614997
0	93059	2.056276836009543	3.8948835469251106
0	93060	2.0534748338138673	3.898849090986727
0	93099	2.0572200517072528	3.901584414341008
0	93100	2.0312641560360594	3.8839270299272273
0	93103	2.058008312273849	3.8897433805238593
0	93104	2.037858851702758	3.868796761467638
0	93105	2.033386619897136	3.9160122997807285
0	93106	2.0531520306318938	3.9042120830825326
0	93109	2.054567314168544	3.8975171978236367
0	93112	2.0189414574043867	3.904501549769022
0	93113	2.043697077407108	3.84352867960843
0	93114	2.041345257759815	3.9030172782409647
0	93122	2.033514014350147	3.9113314673696844
0	93125	2.0377402244749647	3.955366669715412
0	93126	2.0382308220365615	3.963953626952181
0	93127	2.028230829968006	3.9622572974875325
0	93153	2.035939545675196	3.8779475847906864
0	93155	2.0335528264831524	3.88074409791619
0	93156	2.026418109226795	3.8704022366683493
0	93157	2.0376902403065595	3.877753302351171
0	93158	2.056100180631685	3.8872865560019156
0	93165	2.050381380960604	3.8902970506570105
0	93166	2.0518681906078724	3.8855180579097395
0	93167	2.049911654113166	3.8918946047723155
0	93178	2.0300642876000454	3.962871381645455
0	93209	2.047581641424711	3.897274828102122
0	93259	2.053086954283086	3.9025258119411737
0	93260	2.0533195247841447	3.8948548452382354
0	93261	2.051429403199353	3.9018410148504525
0	93262	2.057573099181138	3.892418026475669
0	93268	2.056067376541498	3.8922022056579384
0	93269	2.0569136235272776	3.885884090572964
0	93270	2.050617469342261	3.893856434346741
0	93309	2.0485294368084985	3.885999704690313
0	93310	2.0340734848625575	3.8851672072667283
0	93311	2.0391256226569143	3.902446822924461
0	93312	2.0504990559380016	3.8973723213910607
0	93315	2.0527638375278827	3.9009659265452976
0	93318	2.04060875586582	3.9019575536296993
0	93319	2.038867127347662	3.8978376324626494
0	93320	2.040902281985474	3.9043912704523076
0	93322	2.0560737108603684	3.8977225015955526
0	93327	2.035393044281008	3.9123708408881863
0	93328	2.0436495653104267	3.838022198368849
0	93359	2.0335944276430253	3.879383476735957
0	93360	2.030604637994991	3.8965065486250805
0	93361	2.0511366715139623	3.888914711500512
0	93364	2.0569525701500306	3.8910165505340797
0	93365	2.057225786912036	3.89370371388087
0	93366	2.060468983639974	3.893498106488181
0	93367	2.046228220250873	3.8982473789768197
0	93368	2.041472509735614	3.888903712870442
0	93369	2.0556314168883603	3.89357486565741
0	93408	2.053768221805498	3.896187609906608
0	93409	2.0548667325213894	3.894945750637517
0	93415	2.0454322148340607	3.889248406709435
0	93416	2.03966373705205	3.9037016486746055
0	93417	2.055534307127156	3.8848761749156417
0	93462	2.054117573329214	3.9000969383964574
0	93463	2.0506009343665927	3.8990012112634074
0	93464	2.0512040197304513	3.904740516909214
0	93642	2.048525850052949	3.8909757754700607
0	93684	2.0461180943236084	3.896246637718366
0	93723	2.053144677774432	3.8865218403808206
0	93724	2.0500120365912378	3.8876820272395167
0	93725	2.0490613261435056	3.8892523639916825
0	93763	2.0426985229794763	3.8874020927167767
0	93764	2.0472053481628163	3.88888076666959
0	93803	2.050170216281691	3.9030388075850073
0	94027	2.040569476744889	3.9568307858622074
0	94056	2.043933750547865	3.8416720188616984
0	94086	2.0429740329049793	3.8400651344615278
0	94090	2.0415998335584327	3.843797509868159
0	94091	2.0456249537265108	3.8411770308846833
0	94106	2.0448077126907713	3.8394887543092686
0	94107	2.040743611628533	3.8409916271893354
0	94109	2.042435307446339	3.8473530268398775
0	94110	2.042912022891352	3.8451761802455304
0	94112	2.0455879943120743	3.843093063979776
0	94113	2.0451916486947423	3.844899877416289
0	95298	2.031774586660346	3.9095057552760455
0	95306	2.030500340077279	3.8978768913460433
0	95307	2.0331254760344986	3.908965051172354
0	95314	2.0293554897954476	3.9096268763194932
0	95315	2.0251473769377513	3.9158062430283054
0	95317	2.0417661096669217	3.9588198965033667
0	95318	2.033205133924345	3.956955074982546
0	95319	2.032922478053066	3.965781166029999
0	95320	2.0340755290182138	3.9617613923510433
0	95362	2.0345454971508774	3.9082495957492296
0	95371	2.032529405154755	3.8947394470933037
0	95566	2.031318399858405	3.8936157308232597
0	95567	2.0334371263542237	3.907001373667008
0	95578	2.038966134983974	3.9534005637828122
0	95579	2.038214903681923	3.957261773407901
0	95631	2.0301382384710602	3.8942610204306565
0	95643	2.040572398819358	3.9547269970269094
0	95823	2.0415567782249244	3.9607613781264335
0	95826	2.0297725373526156	3.955954271748392
0	95827	2.03467795050005	3.964777531839643
0	95833	2.030298567011292	3.965928622670285
0	95834	2.0285309072402575	3.9579506694367868
0	95838	2.032156495256449	3.9623083539960957
0	96021	2.043813107207244	3.959621705552569
0	96029	2.036329559754408	3.9681298531845597
0	96086	2.031748265209097	3.955079750006472
0	97011	2.054618911002145	3.903352711652958
0	97012	2.0491522547274665	3.894769895613311
0	97013	2.055433377242941	3.888667528273714
0	97062	2.054894102122178	3.8761014906557802
0	97064	2.049441960938915	3.904539858953893
0	97065	2.047077554695153	3.884823878567561
0	97066	2.041776255295698	3.868009524986323
0	97067	2.0471100650682024	3.9018520244946253
0	97068	2.05272912489645	3.8881842477915662
0	97075	2.0396639479305723	3.871526768567084
0	97076	2.053075021877306	3.897419604705494
0	97087	2.043376756531537	3.9576019560077063
0	97088	2.040263140729689	3.9642062850167785
0	97117	2.055391534515644	3.8963209185557544
0	97118	2.046219368045428	3.903179960345571
0	97119	2.0475331451555503	3.8825495878899274
0	97120	2.060273416263337	3.891664107651087
0	97128	2.038130830994031	3.884479464544678
0	97169	2.058937430274556	3.899470783139077
0	97221	2.0563325411235467	3.889803035207593
0	97222	2.059003686416373	3.892668632117574
0	97223	2.058662671864562	3.8961858915811187
0	97224	2.055233934967183	3.8907875058005357
0	97228	2.049396018201495	3.899895226120856
0	97229	2.0559369637675737	3.9025735854434784
0	97230	2.0451629751485414	3.887404349745736
0	97231	2.046581971115568	3.900140109007431
0	97232	2.048405035159431	3.887655504489921
0	97271	2.0518462653327085	3.8950631099524737
0	97272	2.0590746949505037	3.8884589987943685
0	97273	2.0518327329264734	3.8982018286499596
0	97274	2.0581114933892763	3.887112386935881
0	97278	2.053886378860407	3.8850077562049394
0	97280	2.0542561455863493	3.9016457179433983
0	97281	2.0430568336050805	3.8893113797230363
0	97282	2.046893285907297	3.8908110390927937
0	97293	2.030921196063087	3.961027701139739
0	97294	2.0350079912968044	3.966494104927653
0	97295	2.0331175276147815	3.9638474996841153
0	97321	2.052371863808418	3.893641572010598
0	97322	2.057176910513929	3.888410513704103
0	97323	2.0526189869281377	3.8896230474992963
0	97326	2.044867354884636	3.899377979563327
0	97327	2.0491281018738294	3.898257344115294
0	97328	2.0478191216231103	3.899122941918534
0	97329	2.0590518308634183	3.8979806630049647
0	97330	2.0423742804016687	3.8910303857953537
0	97331	2.048234765275696	3.9008195445668212
0	97342	2.0372029017079534	3.962335928447744
0	97343	2.0339363677137112	3.967834552952324
0	97370	2.0490094020476435	3.8965299879489974
0	97377	2.048589577798848	3.9026622837860803
0	97378	2.04440310246297	3.8951443746735173
0	97379	2.0571753767198477	3.898749953485451
0	97390	2.03129419409916	3.9643918785673673
0	97561	2.0541053612328115	3.893582684003177
0	97726	2.053647300119532	3.8909189848012264
0	97727	2.0576315441944355	3.90020402257597
0	97766	2.049776668361388	3.9015403367456565
0	99327	2.0285970033812424	3.916949059918288
0	99335	2.032961663769444	3.8967237793483873
0	99342	2.0319028173293	3.9077623665420207
0	99343	2.02766351068161	3.909137700310527
0	99346	2.032163969959955	3.959342759813945
0	99347	2.0387848348936037	3.967488485796386
0	99352	2.0276186020822866	3.96021539131591
0	99353	2.0369317121460697	3.9664860908647124
0	99354	2.030795611688626	3.9579246273780546
0	99535	2.0412178980784508	3.962604694925724
0	99543	2.036582987081342	3.964692730516437
0	99595	2.0328999760040056	3.8934823675269876
0	99596	2.02771592842329	3.9109174864929277
0	99599	2.0392386650085603	3.9623775543419364
0	99602	2.031835623451396	3.9302785177599473
0	99604	2.01644748188444	3.9214511285465012
0	99607	2.036175989849713	3.9607246920541304
0	99608	2.0318550088058394	3.967224572590418
0	99609	2.0288359920762065	3.9644134402023194
0	99659	2.0306613216287923	3.9104579233684755
0	99660	2.030449194348148	3.9080995254456576
0	99790	2.0431097884027167	3.963304812287532
0	99798	2.0354133517292863	3.963059546031676
0	99799	2.0294504219343548	3.9600346916675195
0	99852	2.0434940727388096	3.9614835310205603
0	99855	2.0306380101324684	3.930314544544479
0	99862	2.0406756641182375	3.966301976158849
0	99863	2.0354912146470148	3.95575432974903
0	99864	2.0424712914914793	3.955740905121645
0	100050	2.03402161766911	3.959818166498807
0	102830	2.0530779110659543	3.87143191415927
0	102889	2.0565606051195027	3.876773379075127
0	102893	2.047094366062798	3.8702602583377637
0	103004	2.049072202522713	3.868579655770543
0	103005	2.053325987099166	3.8695076216776356
0	103009	2.0560956466592577	3.872535726730937
0	103060	2.0512811928307424	3.8687635253311776
0	103170	2.049368847601696	3.8785066526129115
0	103173	2.0635408636196844	3.9277385146789863
0	103174	2.0455059768878288	3.8727569276167566
0	103183	2.0415459303691517	3.884207081905737
0	103226	2.052077738008978	3.873143614755607
0	103227	2.0551902745136945	3.874224510947239
0	103380	2.0515037797531552	3.879069114147185
0	103389	2.0253463192969368	3.8953759688772363
0	103390	1.953324046182301	3.8364816283485053
0	103429	1.9523121930149303	3.8371806410009945
0	103438	2.0398500355336147	3.8830060813789338
0	103439	1.9527067454412994	3.8385397444263862
0	103834	2.0399939341296203	3.885827962907978
0	105385	2.036384120289698	3.953255812174441
0	105638	2.0337365428322536	3.953965986904777
0	105639	1.956572070200905	3.8434634811915296
0	105645	2.0397898653662905	3.9587554576845476
0	105702	2.042081590040079	3.964910448289541
0	107134	2.056830828422689	3.874703565125821
0	107138	2.053531240782604	3.878940463989585
0	107191	2.051378668387337	3.8707073705326267
0	109339	2.035675533368883	3.994533283337273
0	109398	2.0382496301798008	3.9924662819603456
0	109404	2.039463578421409	3.9901568490586725
0	109414	2.03578108928893	3.991957095234672
0	109593	2.033346090475492	3.99257247355381
0	109602	2.0361946422255954	3.9739669874356216
0	109609	2.0395155878454223	3.96065614395477
0	109658	2.040996562036352	3.992776721758265
0	109667	2.0385435503839715	3.9947282459965323
0	109723	2.0338649704852916	3.9896311033681697
0	109732	2.0419075673472293	3.9896046769999605
0	109862	2.038774815954253	3.965641616561503
0	111212	2.060290507597084	3.9242308650189783
0	117516	2.0255165501466137	3.914208487594654
0	117582	2.0549427445716226	3.8708881368324715
0	117846	2.055291617404679	3.8782310927262666
0	117912	2.038172986322345	3.9107293465011415
0	120464	2.0397015613379983	3.844281298724173
0	120659	2.0389348786651422	3.846156074023332
0	120854	2.041820090116567	3.837663124198123
0	123886	2.0479597134490337	3.8722930230839934
0	127790	2.027542047501692	3.9349908870786203
0	127791	2.0236315807315983	3.9340814717067567
0	127798	2.027979756631805	3.9323887656778056
0	127915	2.0289592013178823	3.936777244524751
0	127916	2.0293994589913926	3.9343739450442436
0	127919	2.026968081374071	3.9374429966730458
0	127920	2.030443683663788	3.9328592106200726
0	127921	2.0308585398663377	3.9359214867914636
0	127922	2.022593509975812	3.935928197814754
0	127928	2.0256841141412836	3.935630903360373
0	127929	2.0257827844938134	3.9333050539491765
0	127930	2.0323815672648116	3.934238482829713
0	128830	2.0176941584993138	3.914913141925568
0	128831	2.0185920187273227	3.9162416653059795
0	128839	2.015732988565711	3.9170436343187265
0	128840	2.015976915859175	3.9138362436586207
0	128846	2.0210685638686416	3.929295643270407
0	128847	2.012962768309694	3.903173875988427
0	128848	2.0144002721592527	3.9165085754256515
0	128960	2.0230658516002986	3.928322494045086
0	128961	2.0215758324143867	3.919120229915006
0	128962	2.0332096133547553	3.9296134392684503
0	128968	2.0245082896558393	3.937225144932282
0	128969	2.0190120860569047	3.919022757982759
0	128970	2.021419716793233	3.9172344862434385
0	128976	2.0166121023032875	3.9310245769703442
0	128977	2.0171489741677826	3.9165899060300355
0	128978	2.0194765867893	3.91510425738398
0	129025	2.020292491926645	3.9196625484751615
0	129026	2.0160272380733457	3.9155636826522837
0	129033	2.0331309432499225	3.9322332545506695
0	129034	2.0202206790862225	3.9182031480647934
0	129035	2.0226644284257773	3.917923938069947
0	129043	2.0179691171531857	3.912703707694889
0	129164	2.020106704780089	3.931126133796049
0	129229	2.0184487344460957	3.930126599046719
0	134348	2.053332007811509	3.8769661163892604
0	134414	2.0514344406719585	3.8770965538700612
0	1515	1.9565773347914102	3.9483570756274293
0	1517	1.9471968610618466	3.9283658356492235
0	1518	1.9437163034898057	3.9324980135772436
0	1519	1.9502521522504044	3.9330903459411926
0	1520	1.9542366707185832	3.92234335496855
0	1541	1.9789511918722071	3.844430249058711
0	1544	1.9755421412453977	3.8417821946428607
0	1546	1.9650032349308137	3.8230083637737162
0	1547	1.9668227895102377	3.8431002774326886
0	1548	1.9472021537908124	3.8315912876940437
0	1550	1.9671398586808975	3.8496883180562187
0	1554	1.96489425786841	3.8167908279396547
0	1557	1.9675296826595619	3.8378827081952434
0	1558	1.9588861298690716	3.8258623663603775
0	1559	1.955693168739857	3.8152853119816235
0	1560	1.9703301706524798	3.829972332081455
0	1562	1.9732205552984565	3.8425764810587597
0	1566	1.9532457637189042	3.8295989331342226
0	1568	1.9808637789993389	3.8073475356542916
0	9455	1.9517550716568859	3.832878412979268
0	1572	1.9640416177941933	3.808802406957347
0	1573	1.9667817849495837	3.807454550147436
0	1574	1.9794780586072271	3.80503724966109
0	1577	1.9702281687857308	3.8509781207015332
0	1579	1.9597213511293283	3.8198189138779832
0	1580	1.9428779123584057	3.830347259894969
0	1581	1.9463587339493398	3.840411055795183
0	1582	1.9707101195763637	3.832278717638671
0	1583	1.9545770187764306	3.833512208444755
0	1584	1.9626429467447566	3.8092753849795726
0	1585	1.965212919038787	3.8098660152355857
0	1586	1.9588292279952113	3.821215302415753
0	1587	1.958113258687632	3.822238548242715
0	1588	1.958217634322565	3.8233819994952816
0	1589	1.9499060219820143	3.828587328394804
0	1590	1.9598609573563373	3.810433968169959
0	1591	1.9610013819929668	3.8092810233745
0	1592	1.9491751957016998	3.834345481728995
0	1594	1.9486562702088517	3.8382232264060248
0	1596	1.9652132047517121	3.8067618350964336
0	1598	1.9653187273856423	3.808161037431061
0	1599	1.9798482775252961	3.808156121871711
0	1600	1.9525320065108767	3.8184129646608573
0	1602	1.9562070632574633	3.83125273565899
0	1603	1.9675763920556868	3.8336896418546864
0	1604	1.9669701703952058	3.8213214943655034
0	1605	1.9689864890974667	3.8313989526888217
0	1606	1.9659105629908242	3.8268012407681526
0	1607	1.952999348690213	3.8166624491598093
0	1608	1.9626944696749256	3.8184767562115414
0	1609	1.9465327900295855	3.8369143349890704
0	1612	1.9557641131412917	3.8330185740001674
0	1613	1.9773169973641358	3.8073175784843567
0	1614	1.9560813792411602	3.8133973786902042
0	1616	1.9568853346897488	3.832425515367836
0	1617	1.9788251583153569	3.8070682370077678
0	1618	1.9494990883563892	3.8393082639955303
0	1619	1.9479962202464902	3.835364835442774
0	1620	1.9442582770583312	3.84037208916605
0	1621	1.948292267301682	3.84136905041158
0	1623	1.9664423019016475	3.8090106322259283
0	1628	1.9753628375021115	3.8253763193429013
0	1629	1.963625009097242	3.8102548028192524
0	1630	1.9615818910281158	3.8104991545514117
0	1631	1.97437566828934	3.83265589516421
0	1632	1.973618330792376	3.820219218396376
0	1633	1.9637790916486988	3.8072607983400566
0	1634	1.9693724200763632	3.803154563592202
0	1635	1.9685373739706626	3.8505380221300185
0	1636	1.9757959999272967	3.8317271557409196
0	1637	1.9658520674648545	3.849316343954324
0	1639	1.9541577415178195	3.825711021076654
0	314159	2.0290774343226667	3.9112280287503314
0	314174	2.0366362550612105	3.906507290623516
0	314175	2.035071259579748	3.90664821909884
0	314190	2.0289745480526733	3.9081288750961036
0	314214	2.01550830388293	3.9281602853089352
0	314994	2.0178532194635403	3.9253628428488367
0	315004	2.0261938710622456	3.9118725167462944
0	315005	2.027570616873881	3.9033369448551505
0	315006	2.040173037660952	3.9097393235188997
0	315011	2.060116794822723	3.8951324863232992
0	315012	2.0388069471976142	3.895018513283483
0	315013	2.0401448739642998	3.895683891146166
0	315014	2.0555322232570874	3.9010127263249434
0	315018	2.038228816087938	3.9004304841492026
0	315019	2.038446347408365	3.898995499120807
0	315020	2.0355671559179935	3.895614922699844
0	315021	2.036680489956502	3.8921367268173945
0	315027	2.050229073196741	3.8859369961549386
0	315028	2.036005707051628	3.8967932787956387
0	315029	2.0347187684938315	3.8965176200144978
0	315030	2.038751401656725	3.8913909526381274
0	315031	2.03989326873607	3.8941066226004364
0	315036	2.054606270961703	3.892187409924111
0	315037	2.0407586397440056	3.900030133066597
0	315038	2.0361043830772294	3.894577208936546
0	315039	2.037101503970218	3.896964467041077
0	315040	2.0367403863345386	3.8994159329192475
0	315041	2.0215257616906297	3.8903668304368635
0	315047	2.0526585764089296	3.8840032402946547
0	315048	2.0350400301271954	3.8939139987940456
0	315049	2.03449529467787	3.8951125064038803
0	315050	2.0380324239729974	3.893914970787735
0	315051	2.053045531827885	3.8922717309574115
0	315057	2.0451594228503978	3.8912632132461087
0	315059	2.0315912016592033	3.9022149835673496
0	315060	2.036876129078912	3.898089006441525
0	315061	2.0403178336491083	3.8982031986997687
0	315062	2.039359075091034	3.892769210522528
0	315063	2.0576568746540747	3.897391143886163
0	315068	2.0549943717659147	3.89885572414208
0	315070	2.0357672597206293	3.8986780512677135
0	315071	2.035285508055142	3.8977207172865023
0	315072	2.047778908712299	3.9041058479381197
0	315073	2.0508154147483495	3.884075273901274
0	315074	2.052264034012359	3.899678758108469
0	315079	2.0393520527405493	3.9008954928453012
0	315083	2.0488513455661157	3.8931390619937942
0	315084	2.036830917990257	3.8957021473452484
0	315085	2.0396032879094372	3.899446139446764
0	315086	2.0387181405167842	3.8967170726446803
0	315087	2.0515331220797455	3.8871295593505772
0	315092	2.045351460610213	3.901352495582313
0	315095	2.054206497197429	3.8894942663750514
0	315096	2.0374195710027014	3.8908215456367437
0	315097	2.0476034401772694	3.895265830088597
0	315098	2.0378855875808575	3.8926478396219433
0	315099	2.0461218938728556	3.8941507034248026
0	315109	2.0453443622828806	3.8854230018296816
0	315110	2.0588774589932437	3.8941766424506046
0	315111	2.049080942433739	3.884316722356792
0	315112	2.0519395429150626	3.8965399859844294
0	315113	2.0518731951906966	3.8909062760180504
0	315122	2.05138435110965	3.8923722677401473
0	315123	2.057808503577911	3.895104750148594
0	315124	2.0597744612079625	3.8900345443708835
0	315125	2.0568388643028173	3.896280522168217
0	315126	2.0548132075123564	3.8864203225532714
0	315137	2.0601111601622133	3.8968054488991193
0	315138	2.0560690084817947	3.8997552725423774
0	315163	2.0174060451688876	3.927462432991028
0	315164	2.01383367683953	3.925329384282591
0	315171	2.013766780663357	3.927653813095818
0	315619	2.053991804496355	3.8729049366772283
0	315623	2.0470972519562687	3.877707391267629
0	315651	2.0493776759623006	3.8704997755989297
0	315655	2.0502224222896186	3.872275324864288
0	1641	1.9975564021418073	3.8178607697387354
0	1642	1.9488982089354787	3.9337342852380326
0	1643	1.9474724091534208	3.935969291108307
0	1645	2.0041710606118843	3.886813627731154
0	1646	2.00203832840587	3.886101334171164
0	1647	2.008075759597179	3.82358266150229
0	1648	2.000194785094304	3.8105955818155923
0	1649	1.9864776500678745	3.824532304894494
0	1650	1.9894562643784517	3.811630370284269
0	1651	1.9882995552311398	3.804404147049967
0	1652	1.9925894254816467	3.814383963569171
0	1653	1.9812233364030505	3.793405092717875
0	1656	2.0175991257559085	3.8332516746034946
0	1657	2.0190710743253786	3.832659624348343
0	1658	2.0294177052418845	3.828158191219399
0	1667	1.9497930145266364	3.9381566777233066
0	1668	1.9527071166046444	3.937338714808388
0	1670	2.0163123755606938	3.8385831947544475
0	1671	2.002932824955212	3.8158463022915683
0	1672	1.9857035094644275	3.8479061034516135
0	1673	2.0065463757110944	3.832709028863759
0	1674	1.9812975312176353	3.798699760595303
0	1675	1.9744117722429029	3.817498706969018
0	1676	1.975283040390766	3.8126951065141856
0	1677	1.9707360982575959	3.8125560755380774
0	1678	1.9706807616474102	3.8159479141817747
0	1679	1.972204042924802	3.8139209115743666
0	1680	1.9670170739648596	3.817722884546037
0	1681	1.9571956516732676	3.82148582709878
0	1682	1.9767880224688257	3.8008442912679885
0	1683	1.9838406003075888	3.800648178566766
0	1684	1.9794229616569912	3.8011302803366895
0	1685	1.9811458322280704	3.8005163574220537
0	1686	1.9818833119189905	3.802313057715121
0	1687	1.982395141920095	3.800905258210816
0	1688	1.9799720075351352	3.799890495349761
0	1689	1.97817057647506	3.800316960258461
0	1690	1.9825194669903352	3.7994522919522224
0	1691	1.9679960353773707	3.8109835988975447
0	1692	1.9705591919398382	3.811049537871398
0	1693	1.9718119364090745	3.8109365536649684
0	1694	1.9785488741373227	3.8195926539591163
0	1695	1.9775633521262843	3.8187504167629838
0	1696	1.9739917514783036	3.8101412792544216
0	1697	1.9726557343635105	3.8099566216878853
0	1698	1.9906250202490818	3.851462397261378
0	1699	1.9854215875713075	3.850214666887847
0	1700	1.972046539305161	3.8271832834802244
0	1701	1.970996216137873	3.8256628293089396
0	1702	1.9735302972115634	3.832082875753715
0	1703	1.8826353914266016	3.9008309210409484
0	1704	1.8864798267308185	3.905436276145361
0	1705	1.979920936077885	3.806411973600337
0	1706	1.976672571723535	3.804633159865166
0	1707	1.9736966401528937	3.814821650051068
0	1708	1.9784020924141772	3.8058686702137625
0	1709	1.9718621357134372	3.8170188758120465
0	1710	1.978089496058444	3.804468063297832
0	1711	1.9719748357080384	3.819526606761121
0	1712	1.972618569588345	3.817826807821656
0	1713	1.9698077469567348	3.815118590774481
0	1714	1.9783929700461438	3.808249348346219
0	1715	1.9722103269851954	3.812558395766166
0	1716	1.9808447986983884	3.8053616777084778
0	1717	1.9840290406887284	3.8262132743512587
0	1718	1.9827925875048593	3.844853185052894
0	1719	1.9829045103850902	3.847575332336367
0	1720	1.983687735745614	3.8438793950990107
0	1721	1.9867582440418259	3.8073124936839746
0	1722	1.9874724480015364	3.80826929110318
0	1723	1.9825911435927321	3.8047602531573337
0	1724	1.985514837955528	3.8058089106586857
0	1725	1.983201416631174	3.806063322348848
0	1726	1.9828272643871299	3.8074169666513296
0	1727	1.9838138738618611	3.8041795923182598
0	1728	1.988361780774645	3.8071290431863605
0	1729	1.9853589447169546	3.8042716587214382
0	1730	1.9843431585582256	3.807596881933333
0	1731	1.9750781685981877	3.83433284890146
0	1732	1.954673603129951	3.8142035604089912
0	1733	1.9537075380230413	3.815373266123828
0	1734	2.00119719318596	3.840429115206768
0	1735	1.9783323833675472	3.8018686424755717
0	1736	1.980497596480253	3.8020230769876884
0	1737	1.9795233632837075	3.798686277795521
0	1738	1.9765967462497331	3.7992984760109807
0	1739	1.9834074104054993	3.8021934051024684
0	1740	1.9653442589676533	3.8371413250632105
0	1741	1.951864459621852	3.8296908338317017
0	1742	1.9696266146226966	3.8362600952307715
0	1743	1.9478008228876926	3.8289221694885804
0	1744	1.9464357761213453	3.8344249095405125
0	1745	1.9453736438703026	3.830860464406096
0	1746	1.9451866859259366	3.8335271043014583
0	1747	1.9460104266790539	3.828436607858459
0	1748	1.9475620169558345	3.833089998544515
0	1749	1.948069738410837	3.830529392051083
0	1750	1.9553381385643613	3.829833085970813
0	1751	1.9565249115935714	3.8249856669597166
0	1752	1.9548773826380108	3.8286888206880687
0	1753	1.995825189530194	3.845230640040162
0	1754	1.992833067734876	3.8110277332695772
0	1755	2.0072209694820717	3.801801743646671
0	1756	2.0333573279585972	3.843996706027237
0	1757	2.035577864036785	3.8411584865543933
0	1758	2.021880982533832	3.838577753055845
0	1759	2.0225139317223735	3.837136218001617
0	1760	2.0208602277150294	3.837342441679528
0	1761	2.021748606950539	3.835707559349486
0	1762	2.019027112505581	3.819741815473349
0	1764	2.0187397205177535	3.8375769606044234
0	1765	1.9776337628457006	3.787840446051307
0	1766	1.9798222201006377	3.7884003128963926
0	1767	1.9672656816366667	3.8056953102161395
0	1768	1.953374963010267	3.8059537547795106
0	1769	1.9358211791086155	3.8103363271275157
0	1770	1.9593275957536032	3.7979468594088663
0	1771	1.9612634731381082	3.7982048063601455
0	1772	1.9548899478411341	3.801262649603746
0	1774	1.948866581304367	3.803319670904545
0	1775	1.9483158613748932	3.804586460002559
0	1776	2.0035192781497404	3.784166168958289
0	1777	2.007766406269441	3.7853393812242855
0	1778	2.00699421417199	3.7834959071755008
0	1779	2.0083121160676964	3.780902674811604
0	1780	2.0070804474574984	3.7799387619349005
0	1781	2.0055929886340285	3.779477806025758
0	1782	2.0051912069883584	3.7827531692465053
0	1783	2.0016528994491765	3.7813565687948745
0	1784	2.0016858458667746	3.783429545148842
0	1785	2.010401075123966	3.8228778276741586
0	1786	2.00619013851877	3.819573516893108
0	1787	2.014166908711862	3.825271393750512
0	1788	2.00963164704642	3.8253013195825147
0	1789	2.0128503116508054	3.8230694104438894
0	1790	2.0073949737832364	3.8199694016438506
0	1791	2.01206707780322	3.826041684924012
0	1792	2.009755025495691	3.8239391494187505
0	1797	1.9532135998960036	3.8039285125324294
0	1798	1.9795824533673225	3.8494457588606488
0	1799	1.9770806222081936	3.83386354559312
0	1800	1.9839586949654444	3.8334132794702813
0	1801	1.9685828364666744	3.8410162098475427
0	1808	1.9571649863415488	3.7969931401932175
0	1809	2.0226485039367557	3.8210262971150497
0	1810	2.016041278874931	3.7684539213734065
0	1811	2.0149602085453204	3.76638642368915
0	1812	2.0126278238882658	3.766414815572954
0	1813	2.01074585196427	3.81773346092692
0	1814	2.0260170206627475	3.8219856122125226
0	1815	2.0120842714337477	3.8242033136384856
0	1816	2.0260613191165793	3.819547465153949
0	1817	1.9179303064413191	3.8366288895652643
0	1818	1.91958091426098	3.8397394854180282
0	1819	1.9331374134395827	3.836970131554127
0	1820	1.9347846081284354	3.844796688632877
0	1821	1.919570230478391	3.83782990234098
0	1822	1.9198469074610134	3.83250158608342
0	1823	1.9218037948484321	3.8370161847197997
0	1824	1.9214173945276614	3.834192852438433
0	1825	2.000785716557127	3.818156086905508
0	1826	2.0131744010897035	3.8398766117501713
0	1828	2.0083653581840983	3.8054905048123797
0	1829	2.015116310189875	3.8153976341665974
0	1830	1.9848046641926462	3.8340480035404565
0	1831	1.9856944924145277	3.8342667588001147
0	1832	1.9739452256619279	3.813217473241815
0	1833	2.0000015557807536	3.8261146316257517
0	1834	1.9963587295049503	3.810049122275012
0	1835	1.9864508960164802	3.8138716065966127
0	1836	1.950159686691805	3.852684635827609
0	1837	2.006480393247252	3.7935180188045776
0	1838	2.0067368073320515	3.7915268451428874
0	1839	2.008458599806534	3.792153658708605
0	1840	2.0084900640698544	3.7939047204393903
0	1841	2.0003371407420927	3.8156103899367544
0	1842	1.9931390434856957	3.836119309736906
0	1855	1.9975651471825226	3.841833864112759
0	1856	2.008978772776314	3.815230595950337
0	1857	1.9979800877030078	3.827727543281034
0	1858	2.0007784183692006	3.8053478690299953
0	1859	1.9934535592063547	3.8129898904007775
0	1860	2.001690757754847	3.806372748761041
0	1861	2.000447848601649	3.8120758404850807
0	1862	2.002525940444692	3.8051728718092397
0	1863	1.9916697816891542	3.81196007886449
0	1864	2.0046686468087747	3.8075964502538358
0	1865	1.9996385664019882	3.8129916115107867
0	1866	2.0040401918111015	3.8059301167462896
0	1867	2.0139534036622337	3.8060336194092184
0	1868	1.9751814961244862	3.8472100582875366
0	1869	1.9692749463196837	3.8173276305048285
0	1870	1.9366066592410207	3.833490001792755
0	1871	1.935679270549346	3.8318129931896197
0	1872	1.9800955857495461	3.81858200738562
0	1873	2.000658323889451	3.8595280833692076
0	1874	2.001712620399512	3.8580419317176657
0	1875	1.976334683803111	3.811772136825577
0	1876	1.9770610423867914	3.8126172033600807
0	1877	1.9777111050385217	3.8105098104091577
0	1878	1.9852512395984463	3.8227535881664814
0	1880	1.9623294723589577	3.8162392561278673
0	1881	1.9621811240834883	3.8174421745002554
0	1882	1.989994048067035	3.8401625424242747
0	1883	1.9849077286069094	3.837260255792005
0	1884	1.9770229466615687	3.8433974770487698
0	1885	1.9865582695901525	3.839360459855572
0	1886	1.9956207040246965	3.843070739486905
0	1887	1.9469100666296455	3.7904676268392827
0	1888	1.9480372368016066	3.789493068057529
0	1889	1.947858488499993	3.7937319481574527
0	1890	1.949806253496146	3.793366812822288
0	1891	1.949473033078232	3.796330169371732
0	1892	1.9537620411341143	3.7926465308407464
0	1894	1.9559672593195205	3.789972067335075
0	1895	1.9677397624870065	3.8392958396887606
0	1896	1.9659073499364967	3.8407736972181494
0	1897	1.9485990615192363	3.8442869617356763
0	1898	1.9470213331646253	3.845146610498977
0	1899	1.9463728301679886	3.8439055522442467
0	1900	1.949566595577948	3.8471598391168187
0	1901	1.929884997366376	3.7904394634085534
0	1902	1.9234732223517004	3.787844560113515
0	1903	1.9260070688723094	3.7879900776741855
0	1904	1.9163350541157358	3.7799504995211692
0	1905	2.005840620102372	3.812142546765948
0	1906	2.00851641510969	3.8069151542690265
0	1910	2.011638117128256	3.803413320996018
0	1911	2.0158365857832243	3.8124468062245787
0	1912	2.0086821242290385	3.8033724345407505
0	1913	2.010104193245165	3.8041598447647074
0	1935	2.0157114587276825	3.8110354822170884
0	1936	2.010168000085749	3.8024399749104076
0	1939	2.0403765862971723	3.8479726664917244
0	1954	2.037576871533094	3.8353633837970014
0	1967	1.9869949718346516	3.799413035745183
0	1968	1.985585153574381	3.8004062115122528
0	1969	1.9732944218651096	3.8083965565552806
0	1970	1.9762466115606634	3.8101651548405675
0	1971	1.9798791973310672	3.797287819205178
0	1972	1.9709898130033583	3.8069358594223677
0	1973	1.9789286752954351	3.809507250868062
0	1974	1.9640099610217503	3.907619454427542
0	1975	1.9619319298996398	3.9073435965084604
0	1976	1.966043209407379	3.907495834982219
0	1978	1.951192811360973	3.79070084105868
0	1979	1.9497861934649547	3.7901732773113195
0	1980	1.9528594451490655	3.9433452079097826
0	1981	1.9513044998623432	3.942792326728007
0	1982	1.9496865581538565	3.9435627883501105
0	1983	1.9484919581995794	3.9425250516849712
0	1984	1.9600674230656643	3.923895883934664
0	1985	1.9585612772478371	3.900044981806127
0	1986	1.9593068254495685	3.9034185367439562
0	1987	1.9624058646844935	3.924232439335728
0	1988	2.0110797353675456	3.8141998970411457
0	1989	2.016014716779142	3.808400672778525
0	1990	2.014101669927476	3.810967468855757
0	1991	2.0148114236875143	3.8092538033022736
0	1992	2.0151282917879465	3.810044032959279
0	1993	2.0127502790790497	3.811011763598266
0	1994	2.0137207666658505	3.807438589716821
0	1995	2.011977491386828	3.8101362863950814
0	1996	2.0104533071918733	3.811859935703717
0	1997	2.008483512635346	3.808834713663274
0	1998	2.013705072623291	3.812031827721372
0	1999	2.010934351539682	3.815384104990672
0	2000	2.0090115479736315	3.8129690023645053
0	2001	2.009008734337297	3.811708106441424
0	2002	2.011339778608215	3.8070718981618095
0	2003	2.0099719135357246	3.809185761396082
0	2004	2.0118972437476152	3.81197366677211
0	2005	2.0079228622434653	3.8098031623928743
0	2006	2.0140468555206157	3.808673882412299
0	2007	2.0113429570603283	3.813024870434373
0	2008	2.0066142798868505	3.8104163313385158
0	2009	2.0078373150944238	3.8120601089346073
0	2010	2.0116113787272334	3.820831655590879
0	2011	2.0138992935663222	3.8146736545331477
0	2012	2.0108479514698216	3.8108449725813576
0	2013	2.007820179633054	3.8111398830683805
0	2014	2.0133425237073403	3.8099032203403502
0	2015	2.012337871684718	3.814705741757799
0	2016	2.0028548856191533	3.821004574880904
0	2017	1.953771798878283	3.9267055598583607
0	2018	1.9547274351215969	3.9523865289458877
0	2019	1.9521930106213141	3.952624073984271
0	2020	1.9398732726936314	3.9227109019213953
0	2021	1.9329584012381915	3.935811250144405
0	2022	1.949712284804947	3.931504361490356
0	2023	1.9338281520259146	3.9380082033722235
0	2024	1.9799169252332556	3.7946678564201353
0	2026	1.994156971914645	3.806678996444986
0	2027	1.9933825748337484	3.8055408383606046
0	2028	1.997412748494446	3.808748808818546
0	2029	2.0194640692731003	3.7987047275945907
0	2030	2.0096469006394515	3.8140333517469336
0	2031	2.013860533663034	3.7984987038131397
0	2032	1.9963296140079587	3.8122017490938775
0	2033	2.018435624954215	3.801446761827378
0	2034	2.0179835058483535	3.7995825296992902
0	2035	2.009356352587556	3.810396467679929
0	2036	2.0158599341847787	3.7993193260355453
0	2037	2.004582681219986	3.8130916820551697
0	2038	2.014936079164487	3.7970017587772
0	2039	1.9622459424601228	3.7899070744136143
0	2040	1.9571449417620108	3.7882098234563166
0	2041	1.964575167239043	3.7963125468432053
0	2042	1.9143274152809242	3.8677368484056713
0	2043	1.9028834515054351	3.871897518706869
0	2044	1.900509737198647	3.8720052865876675
0	2045	1.9192971807033312	3.8678942552285465
0	2046	1.9418855875848664	3.853905355167521
0	2047	1.935494113956858	3.857277004369952
0	2048	1.9948585782060275	3.813939891353485
0	2049	1.9413881038451979	3.864906736741023
0	2050	1.986843667086735	3.8330260250273493
0	2051	1.9014413562187997	3.8691820041395086
0	2052	1.9437139971690722	3.815534319589931
0	2053	1.9814045192814982	3.844429971770269
0	2054	1.9691344982643428	3.8399159114802925
0	2055	1.9591443434544014	3.851636201700453
0	2056	2.009019393356243	3.8416819544665013
0	2057	2.0073446333872074	3.8416112582734545
0	2058	2.0084012814537715	3.84344821079671
0	2059	1.9957333282630054	3.865950668921802
0	2060	1.9930126986056729	3.8727598670301
0	2061	2.0053295729115077	3.8726411870921993
0	2062	2.003465537409806	3.873239108465928
0	2063	1.954532460600176	3.8704533166625246
0	2064	1.9515707333891996	3.853789620639015
0	2065	1.9720373525589396	3.854011423790562
0	2071	1.9445002001345388	3.7975116655305214
0	2073	1.96357007243256	3.8160400957230247
0	2082	1.9906832177501448	3.882252396388227
0	2085	1.9771177063454575	3.8060067407711364
0	2086	1.9685874729400874	3.83372051221693
0	2087	1.9557109751483819	3.826656605659799
0	2088	1.9556005960489151	3.82401680208146
0	2093	2.0049140469286058	3.8332168064333407
0	2094	1.9986860471772467	3.821630839964083
0	2095	1.9528281283215676	3.813378047397574
0	2096	1.9544034975783366	3.8124702873525926
0	2097	1.9516545380139603	3.814421824554116
0	2104	1.9781937341499116	3.812997320137338
0	2105	1.9620292554761622	3.841089510362521
0	2106	2.007777613181596	3.816099103266344
0	2110	1.9515081166382853	3.8554349782808566
0	2111	1.98234981612897	3.8932000347031095
0	2112	1.984318255671339	3.8916788756189207
0	2113	1.9636664140922426	3.8226618949445466
0	2114	1.9747932979185436	3.8112720533611
0	2115	1.968475624248631	3.813367983005068
0	2116	1.9625239815249378	3.824200548234595
0	2119	2.0923889381373684	3.8174612129239827
0	2120	2.094559312055264	3.821499225628035
0	2121	1.9826012769533883	3.885897956852808
0	2122	2.0900633275300526	3.813308632174118
0	2123	2.0880871888581827	3.819573206914004
0	2124	2.003219462374219	3.7762841421152165
0	2125	2.009259432316804	3.7608346972059112
0	2127	2.0005685903212984	3.7940893022090023
0	2128	2.002316781153647	3.7994380893546884
0	2129	2.024461412295329	3.8207112541935793
0	2130	1.9533723998718089	3.8307861897495363
0	2131	2.0282966823452164	3.829590877317833
0	2132	2.0004942145913183	3.778557094506695
0	2133	1.9924981353028421	3.8036020733967217
0	2134	1.9855060781780107	3.808521148126328
0	2135	1.9893490780600003	3.808608962219315
0	2136	1.9844520276187756	3.8131499231257022
0	2137	2.0256486293385936	3.8239528210710394
0	2139	1.9690835725366167	3.799498095090861
0	2140	1.9726587124388644	3.807433290262331
0	2141	1.979556239426218	3.8036282863182773
0	2143	1.9658647252338506	3.8179758990190313
0	2144	1.9837125463333891	3.8189218331108385
0	2147	1.9690061099479288	3.8725739683638665
0	2148	2.002325173015568	3.8147253143259507
0	2149	2.0172010592910303	3.8551651747256015
0	2153	1.9711780452858259	3.8036531200070125
0	2154	1.9812129767052435	3.8039651208796723
0	2159	2.006364455903902	3.8090683401598393
0	2160	1.9547286573989726	3.827384932667252
0	2161	2.0047046221930427	3.8024015326001463
0	2162	1.9941473544268773	3.810129072083994
0	2163	1.993817707972933	3.8147196661782874
0	2164	1.9907725789913315	3.8133156257135536
0	2165	1.9869572953937689	3.80302332657983
0	2166	1.9870244820614156	3.801540660035881
0	2167	1.989525698546267	3.8030779579130423
0	2168	1.9905949122442346	3.802090258521793
0	2169	1.9894608395528965	3.8014322388642996
0	2170	1.9911011044601232	3.8033838716495683
0	2171	1.988281429193771	3.800679551407238
0	2172	1.9882885468764027	3.802406654582595
0	2173	1.9896972567073714	3.800093487465008
0	2174	1.9918749645184746	3.8018643167898656
0	2175	1.974366404517492	3.8158406397451166
0	2176	1.9689178045855498	3.8160346198352646
0	2177	2.006844831108446	3.8078323987159517
0	2178	2.0032192502854542	3.8015209823810356
0	2179	1.9997675294675255	3.801587763595406
0	2180	2.0010710463467647	3.8005973340717945
0	2181	2.0018205312834825	3.8035065594100006
0	2182	2.003093143453846	3.803092277878047
0	2183	1.9996171389536774	3.8001067575627023
0	2184	2.0040527962911088	3.8038396040428966
0	2185	2.0185604927946894	3.8135616057167963
0	2186	1.9377966720714035	3.793352911276607
0	2187	1.9581304087784972	3.8379795347806165
0	2188	1.8946887638808019	3.905390028554069
0	2189	1.8990920712323867	3.900896004568725
0	2190	1.8950611811754516	3.9006417131188496
0	2191	1.898753204419097	3.9053044452519123
0	2192	1.9408964489829434	3.7906833987335133
0	2193	1.9305448308559592	3.8040994895911067
0	2194	1.943903199357132	3.7893355687052734
0	2195	1.9112849901214828	3.8007060482716666
0	2196	1.9292820491002465	3.7991969522584492
0	2197	1.9169460829685199	3.8196213872762175
0	2198	1.9166387567473042	3.8174017856463562
0	2199	1.9712341585104576	3.833115462163264
0	2200	2.028401244266595	3.812021656191456
0	2208	1.9678285600233028	3.7359332926777458
0	2209	1.9992799194640747	3.81853120400347
0	2210	1.9995648814066755	3.8299078217792752
0	2211	1.92771920250836	3.7966910898098463
0	2212	1.9268367053869746	3.793635942476377
0	2213	2.0029767941942604	3.86675869270417
0	2214	2.012829085669945	3.8573710264456884
0	2215	2.011698543582186	3.861475890682608
0	2216	2.013532034792423	3.860765832722083
0	2217	2.012927376340734	3.862725030552507
0	2218	2.011104690830957	3.8635065027390367
0	2219	2.0418836160864564	3.858765890110219
0	2221	2.005329027051142	3.8100292198137016
0	2222	2.0293458886938702	3.8043987831778647
0	2223	2.030648442770148	3.806596653192874
0	2224	2.032530296865447	3.8028783971567055
0	2225	2.0321305566075325	3.805208428623959
0	2226	2.035575084381182	3.7971375935389577
0	2227	2.016456734707635	3.805544142720998
0	2228	2.017224297647437	3.809599213904698
0	2229	2.020066483020249	3.8130393072955133
0	2230	2.017512608654089	3.806428850076922
0	2231	2.0211746119993235	3.8140691149948585
0	2232	2.0204344990406327	3.8116847083619145
0	2233	2.0202165124778566	3.810076370384431
0	2234	2.016342888686741	3.8281959688004705
0	2235	2.0149993647003823	3.804888147186069
0	2236	2.018888748387919	3.80906893413406
0	2237	2.017756690021198	3.8080023700837855
0	2239	1.9581110999081937	3.8572006568112496
0	2240	1.958912234259719	3.858348981640118
0	2241	1.9257759091340954	3.828062115951311
0	2242	1.926358905808655	3.8303628930547196
0	2243	1.9428299916600917	3.845733859787858
0	2244	1.9924601641497734	3.8469039177856867
0	2245	1.9892659394653223	3.8484956447678003
0	2246	1.9886166905435851	3.8472607025690975
0	2247	1.9928476799738595	3.8453550287779
0	2248	1.9589743723672517	3.840200363423217
0	2249	1.9571887870553761	3.841964504914587
0	2250	1.9517883014093984	3.850574248416511
0	2251	1.9530377349510557	3.8496806001508883
0	2252	1.9541227901353972	3.8509261948105715
0	2253	1.951612209924213	3.846450919945398
0	2254	1.959453115349911	3.8470212427893156
0	2255	1.9511483964516838	3.847960483268122
0	2256	1.9586966445269458	3.8458490469699442
0	2257	1.9526703617173498	3.847632159688865
0	2258	1.9405465962069235	3.846373376934832
0	2259	1.9414343360942197	3.847928419834693
0	2260	1.9413288514846507	3.844735473760888
0	2261	1.98321890204859	3.8366389440092847
0	2262	1.9300979015752133	3.8493715774061967
0	2263	1.9756229352272856	3.921382647708998
0	2264	1.9739039423458216	3.8569409606426324
0	2265	1.976749913495656	3.8789521638695854
0	2266	1.9606605266577546	3.8739136226446362
0	2267	1.9622897640645396	3.8697466589812306
0	2268	1.9725972210480311	3.8868719437603523
0	2269	1.9810108706746858	3.8768681152206717
0	2270	1.991194582060906	3.8659593381125283
0	2271	1.9967592463813284	3.807523243029491
0	2272	2.0040436815844975	3.8087060518928206
0	2273	1.995753888851796	3.8085658763305017
0	2274	2.0132779413541537	3.8298871356519277
0	2275	2.021355509991083	3.828840369898543
0	2276	2.0216493298986213	3.8305319800095425
0	2277	2.0983578281212414	3.8200090671337636
0	2278	2.0968983497391753	3.815666879097932
0	2279	1.9977345088824228	3.8799099624428246
0	2280	1.962753010377863	3.877988135286812
0	2281	1.9614289000771348	3.8777397728668275
0	2282	1.9642433524322234	3.878899163315206
0	2283	1.9933054920408484	3.796629915991276
0	2284	1.9927280800600702	3.793070723644548
0	2285	1.98517741025409	3.796562364787218
0	2286	1.9941932877574957	3.7912070589420583
0	2287	1.9943121226370366	3.7938356328523115
0	2288	1.9859173975520419	3.795222691476535
0	2289	1.9838009519191928	3.7928505234722314
0	2290	1.9890342757529877	3.7959868173556366
0	2291	1.9896991841775251	3.797422222790247
0	2292	1.9852033448511666	3.791987602829267
0	2293	1.962542064832036	3.801923848459208
0	2294	1.9896418346219644	3.7931971058135594
0	2295	1.991251011708898	3.7971909252174476
0	2296	1.9870431486478537	3.7943083130882704
0	2297	1.9900416137609662	3.7917333547876346
0	2298	1.9875430475318427	3.795764878291772
0	2299	1.9830712640554926	3.7941761694350165
0	2300	2.0013191157042654	3.808123757208391
0	2301	2.006477083840841	3.8052713639404816
0	2302	2.003736771831666	3.809923983084211
0	2303	1.996343428207396	3.804478703632952
0	2304	2.005997671214736	3.8036833458816233
0	2305	1.9958564661218174	3.80563539574252
0	2306	2.005075547282013	3.8048857255790276
0	2307	2.0146902550528436	3.8295391332249102
0	2308	2.0158366641174363	3.8302929565316375
0	2309	1.9687082335446318	3.773542154740262
0	2310	1.9670260210860766	3.7749342688063536
0	2311	1.9719164483661762	3.775914621702297
0	2312	1.9709192749659257	3.773937673065579
0	2313	1.939313280038251	3.819219711126776
0	2314	1.9401485205542688	3.820617305483996
0	2315	1.9872703920373145	3.8476459223061976
0	2316	1.991851037526611	3.8481158842524703
0	2317	1.9942186787729717	3.8446131185445274
0	2318	1.9955340313799148	3.841455287049825
0	2319	1.966391279154691	3.83863137380207
0	2320	1.966680918236535	3.839674135098963
0	2321	1.9638762381770165	3.8437795252596065
0	2322	1.9624389980350316	3.8434355618670577
0	2323	1.9579106038631002	3.8440245203409464
0	2324	1.9556914372069745	3.847313704092631
0	2325	1.9451647681013975	3.846326227556159
0	2326	1.9459899017495	3.849829764288106
0	2327	1.9573508470145045	3.8395223424513922
0	2328	1.9580727022183193	3.8426449291630056
0	2329	1.9455379212749186	3.8480863664014167
0	2330	1.9440607715460754	3.8477560435991047
0	2331	1.9473742648396413	3.850475446592065
0	2332	1.9476209502451092	3.852477772481855
0	2333	1.9444325531454323	3.84946576641211
0	2334	1.9460925895131844	3.851719201730535
0	2335	1.9487469779289543	3.8511878318591295
0	2336	1.947000463258156	3.8480400305690625
0	2337	1.9409142638721686	3.832406712460073
0	2338	1.941016366877486	3.8377428389087203
0	2339	1.9393017366502878	3.832608385871385
0	2340	1.9411787104622555	3.835929961305338
0	2341	1.9391516495026921	3.834494474770754
0	2342	1.9404250747326492	3.8306471614197712
0	2343	1.9408335021611556	3.8342062689784244
0	2344	1.939485645324367	3.8361681619334345
0	2345	1.9554487989351337	3.8566884223059676
0	2346	1.9336707255097836	3.864766694205389
0	2347	2.0334762986912107	3.8079534736496603
0	2348	1.9936865420332635	3.7952261396034266
0	2349	1.9920090593625472	3.7959091844900237
0	2350	1.9864887944055523	3.793015837805613
0	2351	1.9843698963915082	3.795017226562485
0	2352	1.9910690587549889	3.7939464690833065
0	2353	1.9880638121783982	3.793106427276842
0	2354	1.9851945285186894	3.7937641214603555
0	2355	1.988144285357163	3.797401208777226
0	2356	1.9906103340167831	3.8803766369946904
0	2357	2.0820738486776724	3.818188604072172
0	2358	2.0860418255311903	3.8147733649931275
0	2359	1.872006524495205	3.843692069575473
0	2360	1.8772400157787132	3.8476436208383267
0	2361	2.0292460944525894	3.81425753556307
0	2362	2.028842666040948	3.8100637853834662
0	2363	2.030864918449538	3.8112855823221703
0	2364	2.029989768345373	3.812616677592676
0	2365	1.8801391424153624	3.850441982559804
0	2366	1.8746312393174265	3.852440577843796
0	2367	1.8776366766884784	3.853931007751685
0	2368	1.9624325782763148	3.880869998934354
0	2369	1.9588597526650149	3.8777957629783937
0	2370	1.9551879727417034	3.876537114911544
0	2371	1.9593419409879085	3.8754756380620528
0	2372	1.9505575156386483	3.8767984964978806
0	396247	2.0565725343101273	3.928148016618892
0	396251	2.060841564125279	3.9285020863136495
0	396258	2.059125041829324	3.9267937830961603
0	396265	2.0604412408804404	3.931077401005326
0	396272	2.055721489154788	3.9304151549743747
0	396329	2.061686594017001	3.926319102395365
0	396336	2.062515992386069	3.9298200593272514
0	398039	2.062484380132617	3.9232839920984723
0	398064	2.058720391432308	3.9294046428137817
0	398743	2.011403159076739	3.9340430777195587
0	398747	2.0100851170234417	3.957804244864319
0	398754	2.005636723610001	3.9603333319227483
0	398761	2.008582690625457	3.960239726325892
0	2373	2.00700298179688	3.9580102347857697
0	398767	2.0034882650076593	3.9665493421769717
0	2374	2.0018756860536753	3.965994831533089
0	398768	1.999876122870633	3.98354484713945
0	398769	2.002364255432026	3.9776846179740795
0	398770	1.9954537936887908	3.983298862372696
0	2375	2.0038237645255568	3.958169423440072
0	398772	1.998500309546374	3.9809746088690963
0	398776	2.002043989282935	3.982732751257945
0	398777	1.9977044793592182	3.9838521874999038
0	398781	1.993558713132161	3.9780335216068825
0	398782	1.9938764031744596	3.981018507057553
0	398783	1.9964441003308435	3.9759697696698106
0	398784	2.000870940383518	3.9803502315359864
0	398785	1.9957180780851835	3.9788132992371525
0	398786	2.003492935705536	3.980390938516604
0	398789	1.9963270050562503	3.9811903330373974
0	14137	1.986556527466376	3.8623315564465
0	2377	1.9750683417877155	3.8557461547976186
0	2378	1.984987137466829	3.8634942191852986
0	2382	1.9569217479960794	3.85385028101391
0	2385	1.9553796879052436	3.852925314839049
0	2386	1.9606554701324386	3.8484916586799436
0	2387	1.98548830484526	3.860450755701805
0	2389	1.984438126005371	3.8617253874985527
0	2433	2.002603151737205	3.864131830795642
0	2437	1.9676781225367277	3.8745867818023645
0	2440	1.9562312201150935	3.885109794835423
0	2441	1.9581770434490307	3.879309361379754
0	2442	1.9576343890146353	3.8845086774576267
0	2444	2.011990849164231	3.827996317562389
0	2445	1.9715903815085254	3.882966640224128
0	2446	1.9390224420354096	3.8446063992525894
0	2447	1.9709634545521217	3.879439410869153
0	2448	1.9845610472130302	3.885708702474192
0	2449	1.980702457130285	3.886523694440385
0	2450	1.9867275827003748	3.8857739396284634
0	2451	1.982220857830328	3.887805329293379
0	2452	1.9859547601743095	3.8841426911913737
0	2453	2.0393571583013688	3.8584336070713916
0	2454	2.042943618470952	3.85691044114176
0	2455	2.042328943942193	3.854920195554051
0	2456	2.040083304292143	3.8547742116872055
0	2457	2.040620100772026	3.85679288612374
0	2458	2.0407121301567543	3.860492781902024
0	2459	2.020838221943186	3.818631124166373
0	2460	1.9981523000933308	3.7954467660701705
0	2461	1.9995896261862651	3.7963885278811067
0	2462	1.9998449822078668	3.8039986663619065
0	2463	1.9803652880819893	3.812046927261725
0	2464	1.971229155827208	3.814623961747012
0	2465	1.9580663847825073	3.8160618960790624
0	2466	1.9593616797871751	3.815951751238443
0	2467	1.9525203367418535	3.8048756743158094
0	2468	1.9884565336893427	3.794522500068772
0	2469	1.9951304729796542	3.7955770083577893
0	2470	1.9884596993078256	3.7916443067800523
0	2471	1.9898918863558417	3.7946279003078742
0	2472	1.9823066835333776	3.7956377198214226
0	2473	1.9869220154311171	3.7915663855952566
0	2474	1.9836624787663713	3.796457030717559
0	2475	1.9905711021486805	3.795752443125487
0	2476	1.9835348946468059	3.917326324058033
0	2477	2.002433432902921	3.8801720137078357
0	2478	2.0005259495075203	3.8795672864088315
0	2479	2.001123038299839	3.8818227275038497
0	2480	1.9991964080015265	3.878398674979098
0	2481	2.002571668326501	3.8782596411813737
0	2482	2.0308514661133024	3.815512770957029
0	2483	2.0314881675115237	3.813627385036919
0	2484	2.024359966483419	3.8032001644165243
0	2485	1.9939836016934096	3.798354993800153
0	2486	1.9978928880698055	3.7990851664991903
0	2487	1.9969260603789354	3.797902007850279
0	2488	1.971142397124174	3.8782555636971434
0	2489	2.0206508932817315	3.826696682761063
0	2490	1.950470252145041	3.881587137281821
0	404549	1.9714891976151552	3.880847703914389
0	404550	1.9730383350037184	3.878802774466259
0	2491	1.9342862072547027	3.859412646189271
0	2492	1.917559442443053	3.860302350538521
0	2493	1.9378620455823397	3.855145802766441
0	2494	1.9287227108698108	3.8600794691606795
0	2495	1.914901871217337	3.859059081792403
0	448487	1.9306472455094421	3.861401448526692
0	2496	1.9177992605005885	3.864517618798615
0	2497	1.9496137962588527	3.8545046339020703
0	2498	1.9080714596607824	3.874334796960779
0	2499	1.932790279020608	3.8580740770944275
0	2500	1.9149590684117581	3.861212083298017
0	481953	1.8813827849758533	3.8326141030050613
0	482503	1.8768860719757359	3.8316381401964463
0	482932	1.8803964799120476	3.836842864662323
0	482941	1.8760737889413652	3.8359821819250888
0	2511	1.9738104233134954	3.8839183036934157
0	2512	1.9635615252381802	3.896366145069884
0	2513	1.9857503446887081	3.8874215284481077
0	2514	2.028291182357094	3.8171383928651803
0	2515	2.024907342352822	3.8174348063779764
0	2516	2.081426823675721	3.8118633808678797
0	2517	2.079244663707964	3.8150530127872795
0	2518	1.9593599031986313	3.881720489909201
0	2519	2.0039009281548945	3.839662714443817
0	2520	2.0085577417141747	3.8332843592958334
0	2521	2.0055183752262424	3.8399681209675642
0	2522	1.9296839824088854	3.844168550879657
0	2523	1.948637349880351	3.8721515916631035
0	2524	1.9645887507066324	3.890717005371131
0	2525	1.9703993578790078	3.8858981854342827
0	2526	1.9630678488032633	3.8929606556598038
0	2527	1.9682627575525455	3.8917716551322306
0	2528	2.0384617275848913	3.8607403802520257
0	2529	1.9137713806004777	3.923918169325875
0	2530	1.9125463957293374	3.919803356543677
0	2531	1.957191974263261	3.873918565598967
0	2532	1.9446603986858342	3.877517535269984
0	2533	1.9529747139040141	3.8763147634275485
0	2534	1.9986253889996108	3.8118011627510877
0	2535	1.9614308298667833	3.8915012423753415
0	2536	1.9637869301786839	3.8919213329802567
0	2537	1.96540232598425	3.885772370654567
0	2538	1.9641621481607872	3.8945111054989003
0	2539	1.9614222573069542	3.8846803207786467
0	2540	1.950918999274729	3.8752216543002445
0	2541	1.9473560232489535	3.8770203675377264
0	2542	1.9473895384609623	3.869069196126204
0	2543	1.962645094107986	3.871351754706536
0	2544	2.0174904611897104	3.824125013839885
0	2545	1.9465042402461477	3.874979542640465
0	2546	1.9435876560554601	3.878926116892212
0	2547	1.942548258469944	3.87697886155499
0	2548	1.9423149650520548	3.87460771153778
0	2549	1.943877129787635	3.8754993366397557
0	2550	1.9936574966593412	3.7771430850615872
0	2551	1.9957588558809802	3.7606654555727537
0	2552	1.9598384572661351	3.891920518022395
0	2553	1.972353960419131	3.884354007331333
0	2554	1.957467180844426	3.8938265316257623
0	2555	2.0533851305922686	3.7967644805574916
0	2556	2.054890098055623	3.798406645896584
0	2557	2.053046529054259	3.800377185026367
0	2558	1.9850471047006126	3.9262213975168065
0	2559	2.0182963562091425	3.828828501014285
0	2560	1.9907912119351046	3.9429778301845797
0	2561	1.9918520578732626	3.9296526469443496
0	2563	2.027368483678427	3.8277872373031214
0	2564	2.031238634170909	3.829968189692004
0	2565	2.0076817519006616	3.8492661080597954
0	2566	2.0057412878558436	3.850902858802477
0	2567	1.9506396132655524	3.87083844970808
0	2568	2.018955948848136	3.842570532128204
0	2569	2.038705395325132	3.838584208561745
0	2570	1.9866601616061248	3.877174686887888
0	2571	1.9831913970371986	3.875202584694016
0	2572	1.9864277616890702	3.875009207674038
0	2573	1.9879716847606441	3.8760421465188184
0	2574	1.9887355968982556	3.877757508785623
0	2575	1.9803410951593874	3.8824021182235726
0	2576	1.9909798350509817	3.874788954137861
0	2577	1.9899896626253808	3.876315830652412
0	2578	1.9888606008805034	3.8745883509703076
0	2579	2.0029104404512834	3.8615399383231805
0	2580	1.9997051110983424	3.8646416732498903
0	2581	2.0249421507168437	3.8151183184403807
0	2582	1.882203656029227	3.8437628744622185
0	2583	1.9656878855680702	3.89606628302998
0	2584	2.0242719410811465	3.843638147015527
0	2585	2.05819513326211	3.7644331190880553
0	2586	2.054238072915232	3.7625442222899643
0	2587	2.0257805490892222	3.8420224272570502
0	2588	2.0332495475968306	3.820562605709958
0	2589	1.9462928273905	3.873145303565537
0	2590	1.9874319941740395	3.9263760581931164
0	2591	1.9471191901037466	3.8862445988800474
0	2592	1.9636752383164844	3.8841721519580994
0	2593	1.9491254217595178	3.8866203553482612
0	2594	1.9929246792783548	3.949440572530818
0	2595	1.9889623505494627	3.9516119844011044
0	2596	2.034294385799419	3.85294314186689
0	2597	2.0337545323673134	3.8510638669692443
0	2598	2.0319216622143057	3.8511780204296997
0	2602	1.9533670718977032	3.8868092193126267
0	2603	1.948013270679085	3.8896982049201694
0	2604	2.018714257709739	3.8540214127802273
0	2605	2.0333824721142872	3.8544982774739904
0	2606	1.9116558171751634	3.9323197392176623
0	2607	1.9087104321461348	3.928997109111656
0	2608	2.005670507596458	3.8495551651579034
0	2613	1.9801606054824423	3.888913716460149
0	2614	1.9877220227769177	3.8639705207757427
0	2615	1.9876126875961164	3.8699287607109123
0	2616	1.9847085601517522	3.858438631673301
0	2617	1.9858808189774695	3.870477244168399
0	2618	1.9872477401430657	3.8719493526969773
0	2619	1.9915671342355552	3.888961361999565
0	2620	1.9737808865274207	3.882569762729218
0	2621	2.086374569946459	3.841882031383961
0	2622	2.091125157733041	3.8415248645828015
0	2623	2.087865413977658	3.843496966294075
0	2624	2.0892421128874066	3.8401955708736053
0	2625	1.9481826171803964	3.8922017297915588
0	2626	1.9570122359806368	3.8900653795731506
0	2627	1.9584686906331283	3.890651083187971
0	2628	1.95527861707746	3.8902633136677793
0	2629	1.9532549600402496	3.8884799516388897
0	2630	1.9550718529477562	3.8919490089848203
0	2631	1.9582320173309617	3.895640150555332
0	2632	1.9604883534178048	3.894208798837487
0	2633	1.9622993337022678	3.896764103333026
0	2634	1.9566197282932554	3.8963128067290267
0	2635	2.0016807855897265	3.735814867871989
0	2636	1.997488488552312	3.73894593008656
0	2637	2.104575352252589	3.852337126162219
0	2638	2.1002592305591867	3.855968060485426
0	2639	1.9887356495990622	3.9415929629018156
0	2640	1.993724464169744	3.9408775941851
0	2641	1.993053427270589	3.9428369574882094
0	2642	1.9913985712895472	3.9322534530578928
0	2643	1.9902785516636328	3.9494663483971317
0	2644	1.9914032294484283	3.9518115930440145
0	2645	2.007325373902667	3.8509429807293776
0	2646	2.00323746621032	3.842843615536664
0	2647	2.0025494966224886	3.8412420300998558
0	2648	2.003979242975391	3.8412406010861138
0	2649	2.010731640859951	3.854100477777016
0	2650	2.0119621215636436	3.847618380792358
0	2651	1.9894155792452886	3.886961270065023
0	2652	2.0133660080602103	3.847261143984285
0	2653	1.9481810840402722	3.8948964148235117
0	2654	1.9527208451635358	3.898556429314611
0	2655	1.9500818207753183	3.8976371969374655
0	2656	1.947996681149362	3.89686508283633
0	2657	1.9513375942830065	3.901654953201721
0	2658	1.9486075768455549	3.89873953506695
0	2659	1.9509289371178056	3.8996975493477746
0	2660	1.9487402954209825	3.9029451976552494
0	2661	1.9493033350219129	3.9008322211878834
0	2662	1.944752042722147	3.8987844509146257
0	2663	1.9529005596986422	3.9009510284521003
0	2664	1.9711090085869016	3.889069144967435
0	2665	1.9666106770405007	3.8874122205727093
0	2666	1.9885776059942422	3.8307450020965246
0	2667	1.989600021564429	3.8284989964393943
0	2668	1.9903466786785349	3.827429440055235
0	2669	1.967821775667165	3.8865023296822923
0	2670	1.9690520944447598	3.887760406804294
0	2671	2.020852137724804	3.8056866814554526
0	2672	1.9581343291162507	3.941236334705747
0	2675	1.95042378403422	3.9351629528627523
0	2676	1.9476681086264973	3.941174315919833
0	2677	1.9547527519316852	3.9283905720186283
0	2679	1.9453598020494123	3.950459496736525
0	2680	1.9497942040362655	3.9511158695608346
0	2681	1.9532597315952152	3.955752450745159
0	2682	1.9470273571598993	3.9526876158037534
0	2698	1.8816531741023863	3.866044364154223
0	2699	1.8797153166102976	3.8608723578159343
0	2707	2.0228012542830096	3.8075463270690597
0	2708	1.9760292601359803	3.8539985535649954
0	2711	1.9822472523853765	3.8460022590057146
0	2713	1.9719008521624204	3.839644118223115
0	14527	1.9519137632174808	3.841942532937167
0	2716	1.9528138359330611	3.8743837482689862
0	2717	1.9102578358042561	3.758924437111518
0	2718	1.9413832606495982	3.785281437032969
0	2719	1.9460028337745818	3.800649599642499
0	2720	1.9432412824442995	3.7882372048943243
0	2722	1.9396763468298317	3.841068076975169
0	2723	1.943438895656652	3.8366910363601248
0	2724	1.9396639212652473	3.83951748003404
0	2734	1.9847188274096017	3.844601465507714
0	2735	1.9516713887598018	3.8840581302468116
0	2736	1.9887048871198016	3.829745577977273
0	2737	1.9891718787322787	3.8316725223222234
0	2738	2.0139797589858444	3.820355986678771
0	2739	2.006869665612375	3.813102785438817
0	2740	1.9851997749309598	3.8352219030619796
0	2741	1.9508840258326976	3.9414574931969293
0	2742	1.9859001644883951	3.8363930022095305
0	2743	1.9582459581166975	3.8545327665834828
0	2744	1.9439096657268353	3.921271616084025
0	2745	1.947490458717357	3.925396449668291
0	2746	1.9922997507050524	3.8372346265111226
0	2747	1.9929931552094202	3.8345575692119027
0	2748	2.0218857911779007	3.806594242996506
0	2749	1.9430572256811318	3.9298717715592453
0	2750	2.0121228122619215	3.819598054005676
0	2751	2.012922158470464	3.8215004599058746
0	2752	1.956113269084634	3.9410241747037693
0	2753	1.9557743409433261	3.818462744971808
0	2754	1.9390345479090338	3.822235080187483
0	2755	1.9630837571747233	3.947522327064809
0	2756	1.9813036081425848	3.847314020230724
0	2757	1.98799160651247	3.8262310743838204
0	2758	1.9909376321331598	3.8307007721170963
0	2759	1.9868365563774424	3.818992075380722
0	2760	2.0265718043193224	3.855205594360322
0	2761	1.9973360698348372	3.8012362516671248
0	2763	1.994006055940615	3.803611771254991
0	2765	1.9981784973940857	3.802415175544055
0	2767	1.984534155188807	3.829615649385363
0	2768	1.9871001870080904	3.844511841331838
0	2769	1.9904731477461781	3.8377299489945935
0	2770	1.991623056501033	3.8354837049795085
0	2771	1.9952590494337064	3.8204979569580595
0	2772	1.999759716072697	3.833647173800787
0	2773	1.9480954047295673	3.7953304998845505
0	2774	2.025070382310768	3.8350311216709048
0	2775	2.025784975884035	3.8334749125031276
0	2776	1.8749613181267606	3.8794381899307417
0	2777	1.8783517639143665	3.87895264954758
0	2778	1.8726898733364579	3.876878416218489
0	2779	1.8778131384124808	3.874260547195956
0	2780	1.8746970909718108	3.873742771847594
0	2781	2.0680406625170464	3.8641463852798688
0	2782	2.0686716532633107	3.8660012089855336
0	2783	2.0648698959039624	3.864201016044436
0	2789	1.969409482370803	3.7758030743955486
0	2792	1.996037065788533	3.8019695843827943
0	2793	1.9943209820777132	3.802270660790487
0	2794	1.9980554195179807	3.80390868886911
0	2795	1.9968557401598275	3.8030840522816884
0	2796	1.9953794813056287	3.803291049688247
0	2797	1.9662396798502695	3.7919138328797044
0	2798	1.9656226075681655	3.793651173357526
0	2799	1.9641967500451178	3.792277559101798
0	2800	1.9006109541650038	3.788918715330833
0	2801	1.902673804473103	3.7877002833986015
0	2802	1.9408740931441129	3.7752208417214255
0	2803	1.9425173695067468	3.9389164679401376
0	2804	1.9457755882372763	3.9426377979777425
0	2805	1.888997889162886	3.9004353796732816
0	2806	2.0611105545019157	3.8585120114159186
0	2807	2.061398487658502	3.855622111322044
0	2809	2.025474467883606	3.8366460819526544
0	2810	2.063496325208022	3.8622114656608697
0	2811	2.0666960897059266	3.8622996598252293
0	2812	2.066042904052459	3.8666415350910746
0	2813	2.06528964033636	3.8690186595919034
0	2814	1.9589682446508607	3.897316984662197
0	2815	1.9597678024283411	3.895522783095303
0	2816	1.9570227288233346	3.8921810802040953
0	2817	1.9606893310142688	3.897278304428082
0	2818	2.0032974696662285	3.8688448854741195
0	2819	2.001410195284901	3.86887378220443
0	2820	2.094486339249831	3.884525609514205
0	2821	2.092501625307834	3.889753001391777
0	2822	1.9407249519989336	3.947538624854063
0	2823	1.9879648840021444	3.8434456618915247
0	2824	1.9898867107194451	3.8421364547201917
0	2825	1.9465267941038193	3.806292762235101
0	2826	1.9404413871637558	3.7882117757427896
0	2827	1.9360675274343517	3.7954653281086017
0	2828	1.9359359208173743	3.7933192083286325
0	2829	1.9394819890143633	3.7955729695115674
0	2830	1.9397343470290607	3.8028407744316386
0	2831	1.9375479842198597	3.7949745326535114
0	2832	1.937133187333306	3.7967715155361392
0	2833	1.9384964755319678	3.7966767873905125
0	2834	1.9421481328735997	3.8035920721340624
0	2835	1.940716856692078	3.793093204125406
0	2836	1.9381936628901881	3.7894661505728924
0	2837	1.934193856560602	3.7913845863449684
0	2838	1.9440289642808084	3.9429917848709675
0	2839	1.9249006345116704	3.7922580944954714
0	2840	1.9244060751020562	3.794793700790779
0	2841	1.9146070344993	3.7912148673169233
0	2842	1.9011007127288186	3.7830368359447886
0	2843	2.013709364469576	3.8586977345496942
0	2844	2.0149381065726555	3.856127710212158
0	2850	1.9656944075138274	3.8429956439465043
0	2853	2.09034565591121	3.848493314242463
0	2854	1.9325474856448348	3.765674869524672
0	2855	1.9342031893396046	3.8024186159405193
0	2856	1.9358085962733342	3.801158830086299
0	2857	1.9349556014606548	3.8075189084639933
0	2858	1.9354544951909323	3.8033408349066793
0	2859	2.0879513230575233	3.8482207808111304
0	2860	1.927932203731073	3.9567692085664183
0	2861	1.9298449149024564	3.9593262598782824
0	2862	1.9330538578702168	3.9601336979311794
0	2863	1.9353155955787003	3.9581139853620586
0	2864	2.089974388275985	3.8502859823502753
0	2865	1.9364176695008375	3.7920053129586244
0	2866	1.936898022380159	3.788318720497876
0	2867	1.9354515769695508	3.790292671086517
0	2868	1.9518019528512685	3.808548652103523
0	2869	1.9353444504206545	3.7887885430544808
0	2870	1.9316635868227328	3.953373591954165
0	2871	1.9344903990593445	3.9551142458896247
0	2872	1.9286318586452853	3.9540287582232887
0	2873	1.9577487098063087	3.875388098544049
0	2899	1.9920494851306958	3.881267683905363
0	2900	1.9493711271384129	3.8737284629108237
0	2901	1.9498121170459173	3.883201515070536
0	2902	1.9536541128799372	3.885000423903736
0	2903	1.9592888279433451	3.8729573456725803
0	2904	1.9484229740838979	3.8815702746863705
0	2905	1.9481295763287945	3.8798273486347954
0	2906	1.9457730597166496	3.882219828157766
0	2907	1.9471120923370404	3.883350225677847
0	2908	1.9459921042098989	3.895503254215182
0	2909	1.9471598371030638	3.7976781017328007
0	2910	1.9371886948281298	3.786116901322389
0	2911	1.9259798395915764	3.7544028848214976
0	2912	1.92416474695187	3.7512394689155135
0	2913	1.966398138982866	3.7798294308400298
0	2914	1.9268539382969574	3.75031363811765
0	2915	1.9393281228336028	3.8054268721520734
0	2916	1.9402099983944994	3.8044341594179474
0	2917	1.956986739881332	3.754868754047097
0	2919	1.9387743094476375	3.785203951081973
0	2920	2.0082940823422057	3.8642002976808683
0	2921	1.9524853447471107	3.851772675328304
0	2952	1.9419284626836273	3.7835449232584133
0	2953	1.901398253201245	3.7494732192809153
0	2954	2.014376315130167	3.8647202779363554
0	2955	2.021304175680027	3.794547113159569
0	2956	1.905241535766197	3.906945445196295
0	2960	1.935938321256948	3.8354580913105623
0	2961	1.9347596994520153	3.833687771393656
0	2963	1.9494284627231337	3.777159183492025
0	2964	1.9744312770718542	3.8089748925218965
0	2965	1.9705132548772681	3.8095040372115303
0	2966	2.0000751967227766	3.888029484309133
0	2967	1.9528075939449279	3.914904709173286
0	2968	1.9824646249943092	3.8910865758406588
0	2969	1.9805918511790066	3.8918457108519307
0	2970	1.9579693755710825	3.789956004166317
0	2971	1.9578093576631184	3.7865675497841433
0	2972	1.9541504131253276	3.7895173832383606
0	2973	1.937815957546896	3.7788299936627445
0	2974	1.9847045450859826	3.8653657223175917
0	2975	1.9172308824943862	3.8109560047495665
0	2976	1.916284768018033	3.809556097158506
0	2977	1.9145601772377046	3.8116044616909015
0	2978	1.915032765389859	3.8137627311100846
0	2979	1.9330994083631174	3.8121473583122483
0	2980	1.917742340428516	3.8084052717812793
0	2981	1.9174673790667625	3.806125951333597
0	2982	1.9286211774731445	3.8131257814690462
0	2983	1.9161711267801405	3.807510068785582
0	2985	1.9142269073866713	3.809028551257471
0	2986	1.9145136220319956	3.805214381320485
0	2987	1.9913449199557136	3.7923669064411323
0	2989	1.9556853830373586	3.8933336288022655
0	2990	1.9442218971391143	3.900175929405632
0	2991	2.0265244101209694	3.8606211944929623
0	2992	2.0241998742909457	3.859631171868173
0	2993	2.0251957451873452	3.8568956588924315
0	2994	2.0259261980062635	3.858703553675908
0	2995	2.0279029566108973	3.859310091729678
0	2996	2.0274184909955575	3.8572547186479103
0	2997	1.9082346196058058	3.9351404323995043
0	2998	1.9055260639559883	3.931393969476555
0	2999	2.024003818763756	3.8088837547033108
0	3000	2.0193411612786334	3.80459650811319
0	3001	1.9436870558800683	3.9513934077029234
0	3002	1.9411611022414306	3.950681105267345
0	3003	1.9326794206164346	3.9441052140129678
0	3004	1.934018593252315	3.9454949729125643
0	3005	1.9892828711460515	3.836980817412823
0	3007	1.9966353799623449	3.840147624013966
0	3008	1.9303715001849029	3.794125366378355
0	3009	1.9294288858373936	3.7952968423705338
0	3010	1.9428944802066497	3.9409808701701623
0	3011	1.9446814809802762	3.9402522937949453
0	3012	2.0881410404838943	3.853264938675012
0	3013	1.8828815422145866	3.884002671789218
0	3014	1.8831242582522865	3.879751330422128
0	3015	2.0765106145683667	3.8630386571635427
0	3016	2.067616829169543	3.8685848157850002
0	3017	2.0646878597561122	3.8602350856046033
0	3018	2.011902937712971	3.7991478008629986
0	3019	2.023834294581544	3.795933469983875
0	3020	2.0028923696808665	3.8079138197049645
0	3021	2.0614614928698356	3.9412968986487305
0	3023	1.90747679455832	3.903614433670417
0	3027	1.888730522943529	3.8676974592711235
0	3028	1.885354935013658	3.8719753043747724
0	3029	2.024841155079918	3.79139904314112
0	3030	2.035575840794747	3.7785997672894474
0	3032	2.009247683132646	3.7967546120792046
0	3033	2.010934314956451	3.796880560300435
0	3034	2.0202335995077814	3.7927952227475954
0	3035	2.0182591484701238	3.816793239625629
0	3036	2.012852148503807	3.8053562004188786
0	3037	2.0185123740306565	3.8152004207838037
0	3039	2.017243881281917	3.813442756081789
0	3040	2.0169553583263156	3.8118309502596226
0	3041	2.016810833872387	3.8147119326919268
0	3045	2.0183530553524007	3.8590862482121495
0	3046	2.0205840968865236	3.858710386128424
0	3047	2.0194565722235542	3.8605412461369157
0	3048	2.0005092488178837	3.8071544407764573
0	3049	2.0042713108560126	3.8112378593416896
0	3050	2.0024797853399985	3.8104607282183043
0	3051	2.002466368641102	3.809118480607682
0	3052	2.0030599578692465	3.8067942288199386
0	3053	2.001102808126574	3.8094023437523696
0	3054	1.908441276424134	3.7793638801219682
0	3055	1.9083823991361941	3.777624997680708
0	3056	1.9099851028690338	3.776907471862812
0	3057	1.8977217243868088	3.8949362603752373
0	3058	1.8974201516905795	3.890605440770249
0	3059	1.8927226727619526	3.8934628955102277
0	3060	1.9572302790352105	3.791971195900988
0	3061	1.9710505163922523	3.800577369571064
0	3062	1.9638312189832525	3.7860094611459676
0	3063	1.962779222675868	3.7845566896380953
0	3064	1.9648575147833829	3.783811456730327
0	3065	1.9610917531357477	3.783606139815554
0	3066	1.9659649972138074	3.785414007947978
0	3067	1.961167409822106	3.7856738564068824
0	3068	1.9632563972948835	3.7827563389935897
0	3069	1.9592389733601512	3.7843076894983003
0	3070	1.9212571427533287	3.7963572281361766
0	3071	1.9196785154447293	3.794864265315812
0	3072	1.9200218059932135	3.7986812054232826
0	3073	1.935433887249474	3.774893472006783
0	3074	1.943407838155621	3.770741614934255
0	3075	1.9658720403609613	3.8668782337687797
0	3076	1.9733322700461113	3.8065057193044614
0	3077	1.9390028110700188	3.8094302076721793
0	3078	1.9392361003139933	3.810589984060851
0	3079	1.9388646510664294	3.812161597855077
0	3080	1.9397583255770172	3.8133762686420085
0	3081	1.9406117218991161	3.8120416865246236
0	3082	1.9375642041585006	3.8106739068655724
0	3083	1.9325605645492454	3.814893628338829
0	3084	1.944180988928583	3.8003032441868254
0	3085	1.945515716216319	3.7988557481932466
0	3086	1.9558341264423424	3.79313484163494
0	3087	1.9545985446972955	3.794542446975172
0	3088	1.9687609003155189	3.8060587448301537
0	3089	1.9714899189296151	3.8048803103063578
0	3090	1.9698715340051924	3.80523830671966
0	3091	1.8738406709941646	3.865633223466667
0	3092	1.8725546941711766	3.8601863433180608
0	3093	1.916357471538173	3.7940079239762197
0	3094	1.915703294519566	3.795676126002328
0	3096	1.879325222938869	3.8848883237893395
0	3097	1.9746149366352908	3.824530494671898
0	3099	1.9704108495578274	3.818300929130927
0	3102	1.9196290584201292	3.810694390717565
0	3103	1.9200881321946537	3.8129216775763144
0	3104	1.91981606541516	3.8084725223124556
0	3105	1.9196215927602294	3.8060224524240307
0	3106	1.9978225212022729	3.868565154837149
0	3107	1.99761124400216	3.8702025509561566
0	3118	1.9439157906662612	3.8040376612528237
0	3119	1.941262809116819	3.8074595771088027
0	3120	1.9357872053421863	3.781994640114082
0	3121	1.9412338557203934	3.7794370339735543
0	3123	1.9468157164028494	3.79616714868849
0	3124	1.9320570242970883	3.790482095790895
0	3125	1.9476073665933344	3.785170071806231
0	3126	1.9373984860587798	3.780892617401125
0	3127	1.9212070610591028	3.79351378039346
0	3129	1.897944714228221	3.7710097052642926
0	3130	1.9797609523732338	3.813087468806601
0	3135	1.956499927123303	3.8485033972306018
0	3159	1.9508939381440207	3.8494656978301327
0	511313	1.9876327714455657	3.7371023712931577
0	3184	1.970701123855954	3.808158563110253
0	3195	1.9863733442986982	3.8814027293192024
0	3199	1.9307526226182532	3.800716873998598
0	3202	1.9771269263643083	3.8088008450824598
0	3203	1.9815020857038366	3.808502263103174
0	3204	1.9817271950929205	3.8064233937929677
0	3205	1.9189314481273223	3.7970188447786186
0	3208	1.8983926889319533	3.8022666136691017
0	3209	1.9008209969822567	3.8027135939545125
0	3210	1.8987968226037055	3.8045722078375976
0	3211	1.9009575262246527	3.805341585695787
0	3212	1.9007522407174475	3.7986525983188852
0	3213	1.9538428028171524	3.8380816610915054
0	3214	1.951997204569703	3.8342205229985327
0	3222	2.018383274630595	3.7837392916422554
0	3223	2.034566155842826	3.8219675034591547
0	3224	2.0332381843835705	3.8233101389885022
0	3225	2.0451428687531816	3.8173705541723333
0	3227	1.9321423657866625	3.7921825648531238
0	3228	1.9688858023617246	3.7804303565793185
0	3229	2.023064434977456	3.7940736812378746
0	3230	2.0100787200762555	3.8062046429243623
0	3231	2.0114835231940043	3.8054658109445554
0	3232	2.0169705417269483	3.816094391107656
0	3233	1.9729900360038406	3.802327102089601
0	3234	1.947922350220176	3.775813650408193
0	3235	1.9771338142942994	3.802919428964418
0	3236	1.963441229756894	3.7942826708697166
0	3237	1.9360914393070314	3.8425608098851174
0	3238	1.9344453352623543	3.84099025532953
0	3239	1.9363149272117204	3.8405910904259626
0	3240	1.935154674315435	3.8389207122470883
0	3241	1.9298939181846286	3.808017582445904
0	3242	1.930009172044001	3.8021891301327253
0	3243	1.932304307871818	3.8001120376788156
0	3244	1.9433512441175382	3.7863932349106277
0	3245	1.9484066709461738	3.7834093406410316
0	3246	1.9495479873480204	3.7831352751545215
0	3247	1.947362638153144	3.781191945481107
0	3248	1.950312315135844	3.781659878522182
0	3249	1.925364534100328	3.780637706156909
0	3250	1.9527529241473833	3.78034826921108
0	3251	1.9566045043152445	3.781595903838928
0	3252	1.9552909994121508	3.7778860082242534
0	3253	1.9144459148833437	3.7545970856038458
0	3254	1.9544883055660816	3.77974165380231
0	3255	1.9582999379846446	3.7799625402337287
0	3256	1.9544194026531512	3.781714553722825
0	3257	1.9562553735791164	3.7797638059828604
0	3258	1.9574640057062203	3.778286690262055
0	3259	1.95322023459543	3.7782731295660104
0	3260	2.098052436780974	3.8338199675278735
0	3261	2.1000736017669137	3.831217719530937
0	3262	2.1048084960296665	3.834906159794055
0	3263	2.103341076172195	3.8315930935750226
0	3264	2.0994372918570887	3.8368942022558294
0	3265	2.102943062525977	3.8377480743437
0	3266	1.955987764824004	3.7737183465941726
0	3267	1.9578410518183063	3.7731122904885823
0	3268	1.9015497279395748	3.791041707529451
0	3269	1.9617030037910137	3.7810969468279105
0	3270	1.9604704736687468	3.7733686745708868
0	3271	1.9589920289661342	3.77478723987872
0	3272	1.945813274817268	3.8082157684471403
0	3273	1.9474322173524599	3.810492128858266
0	3274	1.9443611165125496	3.8072817205625373
0	3275	1.9449852712968232	3.805887019162634
0	3276	1.9743025216530412	3.849978972173543
0	3277	2.096981814395204	3.865665387356372
0	3278	1.9573273125086559	3.7986423428390257
0	3279	1.9571363886568567	3.7947752599093656
0	3280	1.926356563181276	3.818986044356758
0	3281	2.0361465286488754	3.857243971716608
0	3282	1.9556720986353384	3.9013727221651355
0	3283	1.959771106822056	3.767376800785411
0	3284	1.966317829649329	3.7690631587243075
0	3285	1.9633981549634094	3.768858385257026
0	3286	1.9620956287728093	3.7671341720805764
0	3287	1.958091739941251	3.76874831075078
0	3288	1.9645768232344711	3.767420424215554
0	3289	1.9649073969031483	3.7705812577101634
0	3290	1.960770031611723	3.76903194829616
0	3291	1.962220338412883	3.77043890098837
0	3292	1.9221703786414697	3.779473354051016
0	3293	1.9216268684820088	3.7814999536688494
0	3294	1.92399582836771	3.7782623450488315
0	3295	1.9348082593203473	3.820596439332004
0	3296	1.9663923599837314	3.797226095729063
0	3297	1.969094701454756	3.796806394191509
0	3298	1.9683775009670355	3.7943598618522083
0	3299	1.9676540714468447	3.7962808436001705
0	3300	1.9703200554405216	3.7946744889650907
0	3301	1.9532767381736706	3.826891947702733
0	3302	1.9702556066409151	3.7904910307517343
0	3303	1.948369817380963	3.8219507670417103
0	3304	1.964026719493049	3.8177811107007313
0	3305	1.9532149549953868	3.7860083338687507
0	3306	1.9502577473190004	3.788237737605544
0	3307	1.9550333248293688	3.7863529359146693
0	3308	1.952122553369485	3.788823226562512
0	3309	1.9536674692715923	3.7877133883749337
0	3310	1.958268306871927	3.7932955565157904
0	3311	1.9497427311822575	3.8214215757925523
0	3312	1.9487942233731113	3.8234952560940805
0	3313	1.9479147867547286	3.816184285929155
0	3314	1.9750790298591185	3.8017042027006664
0	3315	1.9755296130592355	3.803006788400295
0	3316	1.995153552301277	3.8007563548546073
0	3317	1.991353753974395	3.8002341713518057
0	3318	1.9961432584366696	3.799689928026063
0	3319	1.992911296463545	3.799859212059652
0	3320	1.9918311797513464	3.798916525509105
0	3321	1.9933030498469342	3.801149385294862
0	3322	1.9943495660208415	3.7997759420612622
0	3323	1.9517461252425028	3.7871228900029865
0	3324	1.9455634394484616	3.8209051947996175
0	3325	2.0148469675371254	3.8674230290280125
0	3326	2.0154440457574756	3.8591024210888496
0	3327	1.9906861886445923	3.9027184586019996
0	3328	1.9904984124977174	3.9060500215229275
0	3329	1.9931554296487415	3.9005946779287397
0	3330	1.9334834720037564	3.8172894551660606
0	3331	1.9342944823903179	3.815774283209329
0	3332	1.9347585328897032	3.8143235887756357
0	3333	1.963059632060306	3.8148501620924633
0	3334	1.9605096350777782	3.815029651621119
0	3335	1.9650487608427734	3.8130446847855644
0	3336	1.9657958066645702	3.811813790975386
0	3337	1.9646952750396698	3.8152814478951163
0	3338	1.9664454853668105	3.813584661779008
0	3339	1.963985988725901	3.8140417246127103
0	3340	1.9643792242216258	3.811933344971256
0	3341	1.960986168280132	3.817299251944687
0	3342	1.9618575201209414	3.81489385656224
0	3343	1.9669933138038782	3.8125312778308413
0	3344	1.9211615949923224	3.8167064642107986
0	3345	1.962517285836303	3.8135285174383986
0	3346	1.9634898592393268	3.8128618434650368
0	3347	1.9611888334893945	3.8138599108473907
0	3350	1.9362335509790172	3.818778122080475
0	3351	1.9364015806075252	3.8149528234683268
0	3352	1.9376937743464455	3.8181275461636437
0	3353	1.9363586158813297	3.8167708877270377
0	3354	1.9428741830302767	3.8017656199319516
0	3355	1.9422811445494892	3.805076379952668
0	3356	1.930902559781257	3.7972234966915446
0	3357	1.9322487849472627	3.7955681882097827
0	3358	1.9334330206913195	3.798538600676274
0	3359	1.9498448574965912	3.800561398132334
0	3360	1.946816693177018	3.8030351229823314
0	3361	1.9550557869125047	3.7964160073929745
0	3362	1.9464751263782247	3.804612846083131
0	3363	1.9320014315983698	3.881174054712569
0	3364	1.9338596316461425	3.8823966216382595
0	3365	1.9328336698977238	3.8791729515214275
0	3366	1.976419160160924	3.885290479967794
0	3367	1.974764007593049	3.8854371592223007
0	3368	1.9552711417303172	3.899055512188226
0	3369	1.9425713476857538	3.8948451304706073
0	3370	1.941364749979001	3.892850427701686
0	3371	1.9414318457269055	3.8888760907365016
0	3372	1.9420320574684191	3.898675983725121
0	3373	1.9404742638262293	3.898312881125916
0	3374	1.9358191666723337	3.900654339716107
0	3375	1.934226216285234	3.8993988583599153
0	3376	1.9444777831771762	3.8968823793632557
0	3377	1.921006009102237	3.8025035577322646
0	3378	1.9372499143441806	3.805954852614946
0	3379	1.9386110099615783	3.8021157613846754
0	3380	1.9211030773906914	3.7891874822142344
0	3381	1.9233361140862	3.786224000709157
0	3382	1.9403019079267827	3.887219144818615
0	3383	1.9365916984742497	3.892789390593668
0	3384	1.9370710273806093	3.894778395699051
0	3385	1.937649395957283	3.8967865675863473
0	3386	1.934107180563291	3.8973655849872353
0	3387	1.9334184284486884	3.9017688401977217
0	3388	1.9318334926876737	3.897888791023347
0	3389	1.935261348037351	3.902840747524083
0	3390	1.9321309157374957	3.9000350004294395
0	3391	1.9325707863694355	3.895628643099357
0	3392	2.0304188197023927	3.7915052407721106
0	3393	2.020283640103654	3.868047108359899
0	3394	2.0228738317946733	3.8679849513550053
0	3395	2.026427123766051	3.863330556425699
0	3396	2.024423074158731	3.864095302566488
0	3397	2.0242227571023577	3.866532711392686
0	3398	2.0228367143960604	3.865003345742546
0	3399	2.01963658374536	3.866063150423104
0	3400	2.0226092931160444	3.862685332295356
0	3401	2.0245478029706234	3.8621960578841867
0	3402	2.0209491936005892	3.8642564119042944
0	3403	1.9757978020647593	3.897152949158391
0	3404	1.9428245509668214	3.9061205247802553
0	3405	2.0258309925501212	3.8653815746897675
0	3406	1.9393809361685415	3.906063556657408
0	3407	1.9410267496137799	3.9053586928282567
0	3408	1.9393149345712788	3.902038660076039
0	3409	1.9433976833489648	3.9081025763133974
0	3410	1.9487365387220312	3.9075837600426704
0	3411	1.9420082039333937	3.9038280748495717
0	3412	1.9447458004168499	3.905345363472165
0	3413	1.939294541584766	3.9040187084952382
0	3414	1.9440950442756568	3.903629543440298
0	3415	1.941265542695115	3.9021343538042204
0	3416	1.9451722457321703	3.907031555293177
0	3417	1.9462398826948493	3.9086727443647615
0	3418	1.9471634073945097	3.906513130278058
0	3419	1.9412237237139327	3.9074357461073164
0	3420	1.9414952895480524	3.910825643023293
0	3421	1.9441554979904208	3.9116049693606185
0	3422	1.9778194826478197	3.899825317596455
0	3423	1.9758490705651364	3.8993996790800236
0	3424	1.9795926319848656	3.8988497329116694
0	3425	1.9812539778197344	3.897409632614739
0	3426	1.9443569953863191	3.8603504416224053
0	3427	1.9427945369912212	3.85986777773038
0	3428	1.9434884603264628	3.8579538503923088
0	3429	1.940719475850162	3.859026800846741
0	3430	1.9397907447281106	3.862678801549341
0	3431	1.9695166583893682	3.896612296248558
0	3432	1.9682767034755606	3.898020825320296
0	3433	1.9608240045944147	3.902774387540095
0	3434	1.960245470682317	3.9012066328105517
0	3435	1.9604548290277295	3.9047697539930937
0	3436	1.9728136445766329	3.869179955199496
0	3437	1.9633835920293201	3.8683981420516522
0	3438	1.9731373783524713	3.8972828176594336
0	3439	1.9707122896609637	3.8988847414339634
0	3440	1.9725334427077696	3.899007304012305
0	3441	1.9795564468753075	3.901882751987574
0	3442	1.9766091205617158	3.903061983217146
0	3443	1.9396083865382374	3.884415650972313
0	3444	1.9386198546025193	3.8825774453339914
0	3445	1.95756873231403	3.903797518862647
0	3446	1.9662762095296975	3.901464290710304
0	3447	1.9365359841046321	3.812114803065104
0	3448	1.937507030804985	3.807822198674088
0	3449	1.9376492778720897	3.8163729531625026
0	3450	1.9374323195484078	3.823008876615551
0	3451	1.9744844213040902	3.9013065316350835
0	3452	1.8993318074657284	3.9128649849558292
0	3453	1.902043743139513	3.9183986567736535
0	3454	1.9019743586259192	3.92132489032944
0	3455	1.904166247306946	3.919464653675675
0	3456	1.9041583731199119	3.916235327487085
0	3457	1.8998963158590463	3.9151588402097803
0	3458	1.902534716346401	3.914066876904223
0	3459	1.8962189868434083	3.916610777458484
0	3460	1.8975727297779217	3.9202812548399666
0	3461	1.8993575980199158	3.9219158602658677
0	3462	1.9517494509967848	3.8405500058165063
0	3463	1.9503515381073329	3.84085235238474
0	3464	1.9735298318232513	3.8905646308866126
0	3465	1.9705730507764951	3.8933487354089378
0	3466	1.9725305095199617	3.892145536558303
0	3467	1.9608397185545887	3.8878204824032454
0	3468	1.980728811551752	3.8559672796639695
0	3469	1.9383055365219857	3.782427074506769
0	3470	1.9264472358381775	3.7708875773305452
0	3471	1.9099952909644515	3.8170644816864407
0	3472	1.9083685199285363	3.811708246770778
0	3473	1.9120155411185948	3.81664709385483
0	3474	1.91095708105809	3.810839069185535
0	3475	1.9081055105454099	3.813679322342515
0	3476	1.911350400576433	3.8144300702642764
0	3477	1.9102810423340335	3.8127591968892336
0	3478	1.9089132793086137	3.8098267926697607
0	3479	1.9105993318973327	3.808456813070544
0	3480	1.9092010442508267	3.8152273564196544
0	3481	1.9002673144231153	3.769943898666111
0	3482	1.897822445750714	3.773531604581164
0	3483	1.9323164361750917	3.7684008149895702
0	3484	1.9353356937472292	3.7654965423996094
0	3485	1.9347576836867921	3.767724973966765
0	3486	1.937501006704099	3.7662403257204806
0	3487	1.8884072017584352	3.8603186848022246
0	3488	1.8858888110909229	3.855327804214743
0	3489	1.9417587481698377	3.813806241603251
0	3490	1.942182993577353	3.8120571549728286
0	3491	1.9422422500948533	3.819944798250324
0	3492	1.9425627028906345	3.8105023428802096
0	3493	1.9430302355278233	3.817872557663699
0	3494	2.0246266380655054	3.8487756898430767
0	3495	2.027022036474185	3.847382714592889
0	3496	2.0263900807529347	3.849177346544918
0	3497	2.026958090193717	3.845465734136346
0	3498	2.020541205768258	3.852974338956794
0	3499	2.0211266349598542	3.854646598413802
0	3500	2.0190145862692597	3.8571505197959985
0	3501	2.0171827685114243	3.8572023117402745
0	3502	2.021081565320852	3.8564678723563564
0	3503	2.0187157763623285	3.852292893169981
0	3504	1.8808820612837673	3.8210598027793994
0	3505	1.8783945041834182	3.8161396158995298
0	3506	1.8764019177332774	3.82122732204119
0	3507	2.008144021141483	3.861806511919056
0	3508	2.0106859898409275	3.8596137219495565
0	3509	2.0066039797046926	3.8617109506228213
0	3510	2.0099645482684436	3.865101697500519
0	3511	2.009979498820741	3.8689233946020174
0	3512	2.012987335990633	3.869689356013948
0	3513	2.011242088495537	3.8707698031881614
0	3514	2.0091207017236523	3.871009985341449
0	3515	2.0119459498627186	3.867950986592676
0	3516	1.8970126660659083	3.7944840857244544
0	3517	1.9410645560701763	3.8172856165614872
0	3518	1.9422616865333975	3.816323416079624
0	3519	1.941157568669218	3.8188045420100427
0	3520	1.9412813381619234	3.815173676476301
0	3521	1.9692784759462836	3.8087263577896833
0	3522	1.9796578303074839	3.8547803639060545
0	3523	1.9825235504228407	3.855328013866368
0	3524	1.9815471657017092	3.851227626318506
0	3525	1.9809282084376383	3.8528558623658293
0	3526	1.9773896330183978	3.854747862308493
0	3527	1.9782065380629745	3.85369604227998
0	3528	2.0035784543903	3.798578772888169
0	3529	2.0026027378304745	3.7972120940220133
0	3530	2.0067967164205487	3.799133128725406
0	3531	2.0054586965436627	3.7986525357181185
0	3532	2.0011403099206175	3.7980503500580713
0	3533	2.004503782160962	3.797392592352115
0	3534	2.0043925446163544	3.799941602894593
0	3535	1.9687184362944592	3.792571041086895
0	3536	1.8902963452013921	3.8825347631078286
0	3537	1.8870961079440067	3.887047221233249
0	3538	1.8910229349408587	3.876717116727912
0	3539	1.9394389584998324	3.7395480222508497
0	3540	1.9438507835785614	3.7362285428529187
0	3541	1.9401690875240607	3.742463684315761
0	3542	1.9433741928662727	3.7448455066057966
0	3543	1.9464670602668177	3.7432048972549845
0	3544	1.9377841763831154	3.7431838706589047
0	3545	1.9405569496389583	3.7450478051224065
0	3546	1.9464054961750092	3.7375815582166876
0	3547	1.947042644199439	3.7403926071965397
0	3548	1.941435608572494	3.7368477489454506
0	3549	1.9371212986246376	3.740398323921796
0	3550	1.9387315820877482	3.737085727713564
0	3551	1.9444377173596352	3.7391177716115154
0	3552	1.9441645375527492	3.7423719260739525
0	3553	1.8967097596243754	3.914245095686157
0	3554	1.895491873117801	3.9189540711773216
0	3555	1.8811008332024488	3.800113448076196
0	3556	1.8800141082113282	3.805881717243233
0	3557	1.9830618668765758	3.8093450556079933
0	3558	1.98434518379863	3.8101501173673866
0	3559	1.983967251721082	3.8118465320291066
0	3560	1.9863453664529458	3.811520158749531
0	3561	2.022021474650051	3.8123865356385633
0	3562	2.018814715805899	3.8103437800995823
0	3563	2.02699322261023	3.8055347997804034
0	3564	2.024041704082824	3.8054945516357
0	3565	2.024714737238818	3.806966492265914
0	3566	2.025057157709905	3.8105842300406274
0	3567	1.9867207465333658	3.8055480878722667
0	3568	1.9828578555030567	3.810503307417174
0	3569	1.9854819486010309	3.8071700913531243
0	3570	1.986126927498032	3.8094592590738805
0	3571	2.0257983980025833	3.8081196640166333
0	3572	1.9885957134924137	3.8402866711848946
0	3573	1.9909269311766642	3.809197471691072
0	3576	2.031219149090868	3.8620225973109608
0	3577	1.9988365789943892	3.8588958086042657
0	3578	2.0103663007671146	3.8752820786216895
0	3579	2.0125228268613347	3.8742032987851545
0	3582	2.0177030868215557	3.796277331850966
0	3583	1.9907495736242726	3.8077740112417073
0	3584	1.9938260838750486	3.8088745396251458
0	3585	1.9921976723609383	3.8087077783645165
0	3586	1.999174832671999	3.808398170258651
0	3587	1.9947876847647805	3.8052512835507306
0	3588	1.9772448294431695	3.856066760752939
0	3589	1.9983377533552855	3.8054183226797256
0	3590	1.9972383512028395	3.806210225383452
0	3591	2.016138162285549	3.797759585882079
0	3592	2.0210306874501254	3.801393057847901
0	3593	2.0168732205175797	3.8006699559801915
0	3594	2.0177329967054063	3.7980777905187337
0	3595	2.0144571499080515	3.8001570982386115
0	3596	2.01336385873233	3.796660070961703
0	3597	2.019726548529829	3.8003209589286526
0	3598	1.8931387503929582	3.885655824944133
0	3599	1.8902162553595874	3.8888898557675664
0	3600	2.005813145099634	3.800629591104157
0	3601	2.0077620330271246	3.800373341252854
0	3602	2.0050175846980465	3.775086509138718
0	3603	2.0006254677392334	3.7732350883056394
0	3604	2.001159991577544	3.7752067330599126
0	3605	1.9987867735327611	3.7748126639712583
0	3606	2.003009061798547	3.7737465082172936
0	3607	2.0325908574777056	3.7967666976090473
0	3608	2.0207207023147196	3.8702490669512564
0	3609	2.0306013472267437	3.794516929711065
0	3610	2.0327672067262856	3.7946392665706976
0	3611	2.061760840437262	3.8518183938765778
0	3616	2.0364495194234435	3.815598684929462
0	3617	2.0351263619302036	3.814183608041228
0	3618	2.0361376295793057	3.8126339515239707
0	3622	2.0122621363576307	3.838329115094862
0	3623	2.0112211724328106	3.8400199830302926
0	3624	2.013541753324195	3.83720609628837
0	3625	2.0000549573086985	3.7692418662641907
0	3626	1.9967119675212222	3.7728489570069823
0	3627	2.0043115322872698	3.754519399027417
0	3628	1.9180364464978277	3.932743353100547
0	3629	1.917242911181691	3.938444317178198
0	3630	2.061787267484956	3.862589502368706
0	3631	1.9729248116803335	3.903728096781591
0	3632	1.9709475162016254	3.903844545593901
0	3633	2.0831279594241767	3.856006911508088
0	3634	2.100443498025902	3.8435011840388285
0	3635	2.1012275782025207	3.846165815036532
0	3636	1.995674550458273	3.9009759574403287
0	3637	1.9951939927223963	3.904695518076443
0	3638	1.9984770679563875	3.873130778305284
0	3639	2.000245331945311	3.8719931738130353
0	779311	1.9805301651253893	3.8595506516594735
0	3641	1.9793680636447628	3.858281558847038
0	3642	1.978927527801309	3.8559044170174634
0	3643	1.9435876484164714	3.822619418247396
0	3644	1.9425839754299634	3.8240010388520473
0	3645	1.9441311134919794	3.824969448973879
0	3646	1.942492890062482	3.8258966521196984
0	3647	1.9436139904267085	3.827005321577517
0	3648	1.9911435457603721	3.8463240522752606
0	3649	1.9952441792877775	3.84710618796526
0	3650	1.9882822034884757	3.845763352696926
0	3651	1.989642007792633	3.845012644981179
0	3652	1.993358103300492	3.843363260308854
0	3656	1.9660706199212836	3.854535347979139
0	3657	1.9795335862027081	3.853375220163825
0	3658	1.94727188703914	3.8426606550672893
0	3659	1.9455508195075688	3.8420028458733912
0	3660	1.9627781054957598	3.8402893156997178
0	3661	1.954763506536539	3.8344789549038074
0	3662	1.954936632410047	3.8310716154949853
0	3663	1.9236683155768473	3.8801177618935694
0	3664	1.939366075963764	3.8731256968071697
0	3666	1.9438548860580107	3.87151947032506
0	3667	1.9809991967361213	3.857970011970472
0	3668	1.9827235220308774	3.8575282006935043
0	3669	1.998448049394422	3.8466485740306116
0	3670	1.9977759269180078	3.8453882592124446
0	3671	1.9494844859883766	3.856988863398554
0	3676	1.9634247690322715	3.805505578719765
0	3677	1.941240266978489	3.868689103871099
0	3678	1.9640530680637678	3.8698516568494736
0	3679	1.9656466570961881	3.8694168016699155
0	3680	1.9493049461543304	3.770802482218231
0	3682	1.9992742133960244	3.80640711175393
0	3683	1.9982513961073172	3.807399292686495
0	3685	1.9609954270675864	3.9534364112898315
0	3686	1.9585685493960194	3.954373427953903
0	3698	1.9394681511395682	3.9203400696899795
0	4122	1.9620522258170938	3.921697402467396
0	4128	1.9510519831249191	3.9471113166454814
